[{"model": "auth.permission", "pk": 1, "fields": {"name": "Can add log entry", "content_type": 1, "codename": "add_logentry"}}, {"model": "auth.permission", "pk": 2, "fields": {"name": "Can change log entry", "content_type": 1, "codename": "change_logentry"}}, {"model": "auth.permission", "pk": 3, "fields": {"name": "Can delete log entry", "content_type": 1, "codename": "delete_logentry"}}, {"model": "auth.permission", "pk": 4, "fields": {"name": "Can view log entry", "content_type": 1, "codename": "view_logentry"}}, {"model": "auth.permission", "pk": 5, "fields": {"name": "Can add permission", "content_type": 2, "codename": "add_permission"}}, {"model": "auth.permission", "pk": 6, "fields": {"name": "Can change permission", "content_type": 2, "codename": "change_permission"}}, {"model": "auth.permission", "pk": 7, "fields": {"name": "Can delete permission", "content_type": 2, "codename": "delete_permission"}}, {"model": "auth.permission", "pk": 8, "fields": {"name": "Can view permission", "content_type": 2, "codename": "view_permission"}}, {"model": "auth.permission", "pk": 9, "fields": {"name": "Can add group", "content_type": 3, "codename": "add_group"}}, {"model": "auth.permission", "pk": 10, "fields": {"name": "Can change group", "content_type": 3, "codename": "change_group"}}, {"model": "auth.permission", "pk": 11, "fields": {"name": "Can delete group", "content_type": 3, "codename": "delete_group"}}, {"model": "auth.permission", "pk": 12, "fields": {"name": "Can view group", "content_type": 3, "codename": "view_group"}}, {"model": "auth.permission", "pk": 13, "fields": {"name": "Can add user", "content_type": 4, "codename": "add_user"}}, {"model": "auth.permission", "pk": 14, "fields": {"name": "Can change user", "content_type": 4, "codename": "change_user"}}, {"model": "auth.permission", "pk": 15, "fields": {"name": "Can delete user", "content_type": 4, "codename": "delete_user"}}, {"model": "auth.permission", "pk": 16, "fields": {"name": "Can view user", "content_type": 4, "codename": "view_user"}}, {"model": "auth.permission", "pk": 17, "fields": {"name": "Can add content type", "content_type": 5, "codename": "add_contenttype"}}, {"model": "auth.permission", "pk": 18, "fields": {"name": "Can change content type", "content_type": 5, "codename": "change_contenttype"}}, {"model": "auth.permission", "pk": 19, "fields": {"name": "Can delete content type", "content_type": 5, "codename": "delete_contenttype"}}, {"model": "auth.permission", "pk": 20, "fields": {"name": "Can view content type", "content_type": 5, "codename": "view_contenttype"}}, {"model": "auth.permission", "pk": 21, "fields": {"name": "Can add session", "content_type": 6, "codename": "add_session"}}, {"model": "auth.permission", "pk": 22, "fields": {"name": "Can change session", "content_type": 6, "codename": "change_session"}}, {"model": "auth.permission", "pk": 23, "fields": {"name": "Can delete session", "content_type": 6, "codename": "delete_session"}}, {"model": "auth.permission", "pk": 24, "fields": {"name": "Can view session", "content_type": 6, "codename": "view_session"}}, {"model": "auth.permission", "pk": 25, "fields": {"name": "Can add project", "content_type": 7, "codename": "add_project"}}, {"model": "auth.permission", "pk": 26, "fields": {"name": "Can change project", "content_type": 7, "codename": "change_project"}}, {"model": "auth.permission", "pk": 27, "fields": {"name": "Can delete project", "content_type": 7, "codename": "delete_project"}}, {"model": "auth.permission", "pk": 28, "fields": {"name": "Can view project", "content_type": 7, "codename": "view_project"}}, {"model": "auth.permission", "pk": 29, "fields": {"name": "Can add document", "content_type": 8, "codename": "add_document"}}, {"model": "auth.permission", "pk": 30, "fields": {"name": "Can change document", "content_type": 8, "codename": "change_document"}}, {"model": "auth.permission", "pk": 31, "fields": {"name": "Can delete document", "content_type": 8, "codename": "delete_document"}}, {"model": "auth.permission", "pk": 32, "fields": {"name": "Can view document", "content_type": 8, "codename": "view_document"}}, {"model": "auth.permission", "pk": 33, "fields": {"name": "Can add img", "content_type": 9, "codename": "add_img"}}, {"model": "auth.permission", "pk": 34, "fields": {"name": "Can change img", "content_type": 9, "codename": "change_img"}}, {"model": "auth.permission", "pk": 35, "fields": {"name": "Can delete img", "content_type": 9, "codename": "delete_img"}}, {"model": "auth.permission", "pk": 36, "fields": {"name": "Can view img", "content_type": 9, "codename": "view_img"}}, {"model": "auth.permission", "pk": 37, "fields": {"name": "Can add image", "content_type": 10, "codename": "add_image"}}, {"model": "auth.permission", "pk": 38, "fields": {"name": "Can change image", "content_type": 10, "codename": "change_image"}}, {"model": "auth.permission", "pk": 39, "fields": {"name": "Can delete image", "content_type": 10, "codename": "delete_image"}}, {"model": "auth.permission", "pk": 40, "fields": {"name": "Can view image", "content_type": 10, "codename": "view_image"}}, {"model": "auth.permission", "pk": 41, "fields": {"name": "Can add alt", "content_type": 11, "codename": "add_alt"}}, {"model": "auth.permission", "pk": 42, "fields": {"name": "Can change alt", "content_type": 11, "codename": "change_alt"}}, {"model": "auth.permission", "pk": 43, "fields": {"name": "Can delete alt", "content_type": 11, "codename": "delete_alt"}}, {"model": "auth.permission", "pk": 44, "fields": {"name": "Can view alt", "content_type": 11, "codename": "view_alt"}}, {"model": "auth.permission", "pk": 45, "fields": {"name": "Can add agent", "content_type": 12, "codename": "add_agent"}}, {"model": "auth.permission", "pk": 46, "fields": {"name": "Can change agent", "content_type": 12, "codename": "change_agent"}}, {"model": "auth.permission", "pk": 47, "fields": {"name": "Can delete agent", "content_type": 12, "codename": "delete_agent"}}, {"model": "auth.permission", "pk": 48, "fields": {"name": "Can view agent", "content_type": 12, "codename": "view_agent"}}, {"model": "auth.user", "pk": 1, "fields": {"password": "pbkdf2_sha256$600000$CUHiS39x8qhxxHvfmh23Ej$UKroTitglHl49ZwqRCYR0PktTPNoLrOyFJtBBWDh3wo=", "last_login": "2025-03-24T20:10:26.435Z", "is_superuser": true, "username": "eric", "first_name": "", "last_name": "", "email": "eric@hellman.net", "is_staff": true, "is_active": true, "date_joined": "2025-03-24T20:09:21.679Z", "groups": [], "user_permissions": []}}, {"model": "contenttypes.contenttype", "pk": 1, "fields": {"app_label": "admin", "model": "logentry"}}, {"model": "contenttypes.contenttype", "pk": 2, "fields": {"app_label": "auth", "model": "permission"}}, {"model": "contenttypes.contenttype", "pk": 3, "fields": {"app_label": "auth", "model": "group"}}, {"model": "contenttypes.contenttype", "pk": 4, "fields": {"app_label": "auth", "model": "user"}}, {"model": "contenttypes.contenttype", "pk": 5, "fields": {"app_label": "contenttypes", "model": "contenttype"}}, {"model": "contenttypes.contenttype", "pk": 6, "fields": {"app_label": "sessions", "model": "session"}}, {"model": "contenttypes.contenttype", "pk": 7, "fields": {"app_label": "altpoet", "model": "project"}}, {"model": "contenttypes.contenttype", "pk": 8, "fields": {"app_label": "altpoet", "model": "document"}}, {"model": "contenttypes.contenttype", "pk": 9, "fields": {"app_label": "altpoet", "model": "img"}}, {"model": "contenttypes.contenttype", "pk": 10, "fields": {"app_label": "altpoet", "model": "image"}}, {"model": "contenttypes.contenttype", "pk": 11, "fields": {"app_label": "altpoet", "model": "alt"}}, {"model": "contenttypes.contenttype", "pk": 12, "fields": {"app_label": "altpoet", "model": "agent"}}, {"model": "sessions.session", "pk": "x92dc70x2wzh8e5mhla82vdckrnono6o", "fields": {"session_data": ".eJxVjDsOwjAQBe_iGlnr9Q9T0ucM1m68xgGUSPlUiLtDpBTQvpl5L5VpW1veFpnzUNRFGXX63Zj6h4w7KHcab5Pup3GdB9a7og-66G4q8rwe7t9Bo6V9a-AYA4ViUcimWsGTBzCRPTpE21PCaIVdgprOmEKsEhwDshdrnAP1_gDH2TbV:1two7u:XzGXuS6hA4n6LbOdb8ztK4qqJCf-JI5gzzB4Mp1UnXg", "expire_date": "2025-04-07T20:10:26.438Z"}}, {"model": "altpoet.project", "pk": 1, "fields": {"name": "Project Gutenberg", "url": "https://www.gutenberg.org/", "basepath": "/cache/epub/{item}/pg{item}-images.html"}}, {"model": "altpoet.document", "pk": 1, "fields": {"project": 1, "item": "67098", "base": "https://www.gutenberg.org/cache/epub/67098/pg67098-images.html", "created": "2025-03-24T20:01:02.122Z"}}, {"model": "altpoet.document", "pk": 2, "fields": {"project": 1, "item": "73011", "base": "https://www.gutenberg.org/cache/epub/73011/pg73011-images.html", "created": "2025-03-24T20:07:42.418Z"}}, {"model": "altpoet.document", "pk": 3, "fields": {"project": 1, "item": "38604", "base": "https://www.gutenberg.org/cache/epub/38604/pg38604-images.html", "created": "2025-03-24T20:07:43.209Z"}}, {"model": "altpoet.document", "pk": 4, "fields": {"project": 1, "item": "15388", "base": "https://www.gutenberg.org/cache/epub/15388/pg15388-images.html", "created": "2025-03-24T20:07:43.286Z"}}, {"model": "altpoet.img", "pk": 1, "fields": {"document": 1, "image": 1, "img_id": "img_images_cover.jpg", "img_type": 0, "is_figure": false, "described_by": null, "alt": null}}, {"model": "altpoet.img", "pk": 2, "fields": {"document": 1, "image": 2, "img_id": "img_images_illus1.jpg", "img_type": 0, "is_figure": false, "described_by": null, "alt": null}}, {"model": "altpoet.img", "pk": 3, "fields": {"document": 1, "image": 3, "img_id": "img_images_map.jpg", "img_type": 0, "is_figure": false, "described_by": null, "alt": null}}, {"model": "altpoet.img", "pk": 4, "fields": {"document": 1, "image": 4, "img_id": "img_images_illus2.jpg", "img_type": 0, "is_figure": false, "described_by": null, "alt": null}}, {"model": "altpoet.img", "pk": 5, "fields": {"document": 1, "image": 5, "img_id": "img_images_illus3.jpg", "img_type": 0, "is_figure": false, "described_by": null, "alt": null}}, {"model": "altpoet.img", "pk": 6, "fields": {"document": 1, "image": 6, "img_id": "img_images_illus4.jpg", "img_type": 0, "is_figure": false, "described_by": null, "alt": null}}, {"model": "altpoet.img", "pk": 7, "fields": {"document": 1, "image": 7, "img_id": "img_images_illus5.jpg", "img_type": 0, "is_figure": false, "described_by": null, "alt": 245}}, {"model": "altpoet.img", "pk": 8, "fields": {"document": 1, "image": 8, "img_id": "img_images_illus6.jpg", "img_type": 0, "is_figure": false, "described_by": null, "alt": null}}, {"model": "altpoet.img", "pk": 9, "fields": {"document": 1, "image": 9, "img_id": "img_images_illus7.jpg", "img_type": 0, "is_figure": false, "described_by": null, "alt": null}}, {"model": "altpoet.img", "pk": 10, "fields": {"document": 1, "image": 10, "img_id": "img_images_illus8.jpg", "img_type": 0, "is_figure": false, "described_by": null, "alt": null}}, {"model": "altpoet.img", "pk": 11, "fields": {"document": 1, "image": 11, "img_id": "img_images_illus9.jpg", "img_type": 0, "is_figure": false, "described_by": null, "alt": null}}, {"model": "altpoet.img", "pk": 12, "fields": {"document": 1, "image": 12, "img_id": "img_images_illus10.jpg", "img_type": 0, "is_figure": false, "described_by": null, "alt": null}}, {"model": "altpoet.img", "pk": 13, "fields": {"document": 1, "image": 13, "img_id": "img_images_illus11.jpg", "img_type": 0, "is_figure": false, "described_by": null, "alt": null}}, {"model": "altpoet.img", "pk": 14, "fields": {"document": 1, "image": 14, "img_id": "img_images_illus12.jpg", "img_type": 0, "is_figure": false, "described_by": null, "alt": null}}, {"model": "altpoet.img", "pk": 15, "fields": {"document": 1, "image": 15, "img_id": "img_images_illus13.jpg", "img_type": 0, "is_figure": false, "described_by": null, "alt": null}}, {"model": "altpoet.img", "pk": 16, "fields": {"document": 1, "image": 16, "img_id": "img_images_illus14.jpg", "img_type": 0, "is_figure": false, "described_by": null, "alt": null}}, {"model": "altpoet.img", "pk": 17, "fields": {"document": 1, "image": 17, "img_id": "img_images_illus15.jpg", "img_type": 0, "is_figure": false, "described_by": null, "alt": null}}, {"model": "altpoet.img", "pk": 18, "fields": {"document": 1, "image": 18, "img_id": "img_images_illus16.jpg", "img_type": 0, "is_figure": false, "described_by": null, "alt": null}}, {"model": "altpoet.img", "pk": 19, "fields": {"document": 1, "image": 19, "img_id": "img_images_illus17.jpg", "img_type": 0, "is_figure": false, "described_by": null, "alt": null}}, {"model": "altpoet.img", "pk": 20, "fields": {"document": 1, "image": 20, "img_id": "img_images_illus18.jpg", "img_type": 0, "is_figure": false, "described_by": null, "alt": null}}, {"model": "altpoet.img", "pk": 21, "fields": {"document": 1, "image": 21, "img_id": "img_images_illus19.jpg", "img_type": 0, "is_figure": false, "described_by": null, "alt": null}}, {"model": "altpoet.img", "pk": 22, "fields": {"document": 1, "image": 22, "img_id": "img_images_illus20.jpg", "img_type": 0, "is_figure": false, "described_by": null, "alt": null}}, {"model": "altpoet.img", "pk": 23, "fields": {"document": 1, "image": 23, "img_id": "img_images_illus21.jpg", "img_type": 0, "is_figure": false, "described_by": null, "alt": null}}, {"model": "altpoet.img", "pk": 24, "fields": {"document": 1, "image": 24, "img_id": "img_images_illus22.jpg", "img_type": 0, "is_figure": false, "described_by": null, "alt": null}}, {"model": "altpoet.img", "pk": 25, "fields": {"document": 1, "image": 25, "img_id": "img_images_illus23.jpg", "img_type": 0, "is_figure": false, "described_by": null, "alt": null}}, {"model": "altpoet.img", "pk": 26, "fields": {"document": 1, "image": 26, "img_id": "img_images_illus24.jpg", "img_type": 0, "is_figure": false, "described_by": null, "alt": null}}, {"model": "altpoet.img", "pk": 27, "fields": {"document": 1, "image": 27, "img_id": "img_images_illus25.jpg", "img_type": 0, "is_figure": false, "described_by": null, "alt": null}}, {"model": "altpoet.img", "pk": 28, "fields": {"document": 1, "image": 28, "img_id": "img_images_illus26.jpg", "img_type": 0, "is_figure": false, "described_by": null, "alt": null}}, {"model": "altpoet.img", "pk": 29, "fields": {"document": 1, "image": 29, "img_id": "img_images_illus27.jpg", "img_type": 0, "is_figure": false, "described_by": null, "alt": null}}, {"model": "altpoet.img", "pk": 30, "fields": {"document": 1, "image": 30, "img_id": "img_images_illus28.jpg", "img_type": 0, "is_figure": false, "described_by": null, "alt": null}}, {"model": "altpoet.img", "pk": 31, "fields": {"document": 1, "image": 31, "img_id": "img_images_illus29.jpg", "img_type": 0, "is_figure": false, "described_by": null, "alt": null}}, {"model": "altpoet.img", "pk": 32, "fields": {"document": 1, "image": 32, "img_id": "img_images_illus30.jpg", "img_type": 0, "is_figure": false, "described_by": null, "alt": null}}, {"model": "altpoet.img", "pk": 33, "fields": {"document": 1, "image": 33, "img_id": "img_images_illus31.jpg", "img_type": 0, "is_figure": false, "described_by": null, "alt": null}}, {"model": "altpoet.img", "pk": 34, "fields": {"document": 1, "image": 34, "img_id": "img_images_illus32.jpg", "img_type": 0, "is_figure": false, "described_by": null, "alt": null}}, {"model": "altpoet.img", "pk": 35, "fields": {"document": 1, "image": 35, "img_id": "img_images_illus33.jpg", "img_type": 0, "is_figure": false, "described_by": null, "alt": null}}, {"model": "altpoet.img", "pk": 36, "fields": {"document": 1, "image": 36, "img_id": "img_images_illus34.jpg", "img_type": 0, "is_figure": false, "described_by": null, "alt": null}}, {"model": "altpoet.img", "pk": 37, "fields": {"document": 1, "image": 37, "img_id": "img_images_illus35.jpg", "img_type": 0, "is_figure": false, "described_by": null, "alt": null}}, {"model": "altpoet.img", "pk": 38, "fields": {"document": 1, "image": 38, "img_id": "img_images_illus36.jpg", "img_type": 0, "is_figure": false, "described_by": null, "alt": null}}, {"model": "altpoet.img", "pk": 39, "fields": {"document": 1, "image": 39, "img_id": "img_images_illus37.jpg", "img_type": 0, "is_figure": false, "described_by": null, "alt": null}}, {"model": "altpoet.img", "pk": 40, "fields": {"document": 1, "image": 40, "img_id": "img_images_illus38.jpg", "img_type": 0, "is_figure": false, "described_by": null, "alt": null}}, {"model": "altpoet.img", "pk": 41, "fields": {"document": 1, "image": 41, "img_id": "img_images_illus39.jpg", "img_type": 0, "is_figure": false, "described_by": null, "alt": null}}, {"model": "altpoet.img", "pk": 42, "fields": {"document": 1, "image": 42, "img_id": "img_images_illus40.jpg", "img_type": 0, "is_figure": false, "described_by": null, "alt": null}}, {"model": "altpoet.img", "pk": 43, "fields": {"document": 1, "image": 43, "img_id": "img_images_illus41.jpg", "img_type": 0, "is_figure": false, "described_by": null, "alt": null}}, {"model": "altpoet.img", "pk": 44, "fields": {"document": 1, "image": 44, "img_id": "img_images_illus42.jpg", "img_type": 0, "is_figure": false, "described_by": null, "alt": null}}, {"model": "altpoet.img", "pk": 45, "fields": {"document": 1, "image": 45, "img_id": "img_images_illus43.jpg", "img_type": 0, "is_figure": false, "described_by": null, "alt": null}}, {"model": "altpoet.img", "pk": 46, "fields": {"document": 1, "image": 46, "img_id": "img_images_illus44.jpg", "img_type": 0, "is_figure": false, "described_by": null, "alt": null}}, {"model": "altpoet.img", "pk": 47, "fields": {"document": 1, "image": 47, "img_id": "img_images_illus45.jpg", "img_type": 0, "is_figure": false, "described_by": null, "alt": null}}, {"model": "altpoet.img", "pk": 48, "fields": {"document": 1, "image": 48, "img_id": "img_images_illus46.jpg", "img_type": 0, "is_figure": false, "described_by": null, "alt": null}}, {"model": "altpoet.img", "pk": 49, "fields": {"document": 1, "image": 49, "img_id": "img_images_illus47.jpg", "img_type": 0, "is_figure": false, "described_by": null, "alt": null}}, {"model": "altpoet.img", "pk": 50, "fields": {"document": 1, "image": 50, "img_id": "img_images_illus48.jpg", "img_type": 0, "is_figure": false, "described_by": null, "alt": null}}, {"model": "altpoet.img", "pk": 51, "fields": {"document": 1, "image": 51, "img_id": "img_images_illus49.jpg", "img_type": 0, "is_figure": false, "described_by": null, "alt": null}}, {"model": "altpoet.img", "pk": 52, "fields": {"document": 1, "image": 52, "img_id": "img_images_illus50.jpg", "img_type": 0, "is_figure": false, "described_by": null, "alt": null}}, {"model": "altpoet.img", "pk": 53, "fields": {"document": 1, "image": 53, "img_id": "img_images_illus51.jpg", "img_type": 0, "is_figure": false, "described_by": null, "alt": null}}, {"model": "altpoet.img", "pk": 54, "fields": {"document": 1, "image": 54, "img_id": "img_images_illus52.jpg", "img_type": 0, "is_figure": false, "described_by": null, "alt": null}}, {"model": "altpoet.img", "pk": 55, "fields": {"document": 1, "image": 55, "img_id": "img_images_illus53.jpg", "img_type": 0, "is_figure": false, "described_by": null, "alt": null}}, {"model": "altpoet.img", "pk": 56, "fields": {"document": 1, "image": 56, "img_id": "img_images_illus54.jpg", "img_type": 0, "is_figure": false, "described_by": null, "alt": null}}, {"model": "altpoet.img", "pk": 57, "fields": {"document": 1, "image": 57, "img_id": "img_images_illus55.jpg", "img_type": 0, "is_figure": false, "described_by": null, "alt": null}}, {"model": "altpoet.img", "pk": 58, "fields": {"document": 1, "image": 58, "img_id": "img_images_illus56.jpg", "img_type": 0, "is_figure": false, "described_by": null, "alt": null}}, {"model": "altpoet.img", "pk": 59, "fields": {"document": 1, "image": 59, "img_id": "img_images_illus57.jpg", "img_type": 0, "is_figure": false, "described_by": null, "alt": null}}, {"model": "altpoet.img", "pk": 60, "fields": {"document": 1, "image": 60, "img_id": "img_images_illus58.jpg", "img_type": 0, "is_figure": false, "described_by": null, "alt": null}}, {"model": "altpoet.img", "pk": 61, "fields": {"document": 1, "image": 61, "img_id": "img_images_illus59.jpg", "img_type": 0, "is_figure": false, "described_by": null, "alt": null}}, {"model": "altpoet.img", "pk": 62, "fields": {"document": 1, "image": 62, "img_id": "img_images_illus60.jpg", "img_type": 0, "is_figure": false, "described_by": null, "alt": null}}, {"model": "altpoet.img", "pk": 63, "fields": {"document": 1, "image": 63, "img_id": "img_images_illus61.jpg", "img_type": 0, "is_figure": false, "described_by": null, "alt": null}}, {"model": "altpoet.img", "pk": 64, "fields": {"document": 1, "image": 64, "img_id": "img_images_illus62.jpg", "img_type": 0, "is_figure": false, "described_by": null, "alt": null}}, {"model": "altpoet.img", "pk": 65, "fields": {"document": 1, "image": 65, "img_id": "img_images_illus63.jpg", "img_type": 0, "is_figure": false, "described_by": null, "alt": null}}, {"model": "altpoet.img", "pk": 66, "fields": {"document": 1, "image": 66, "img_id": "img_images_illus64.jpg", "img_type": 0, "is_figure": false, "described_by": null, "alt": null}}, {"model": "altpoet.img", "pk": 67, "fields": {"document": 1, "image": 67, "img_id": "img_images_illus65.jpg", "img_type": 0, "is_figure": false, "described_by": null, "alt": null}}, {"model": "altpoet.img", "pk": 68, "fields": {"document": 1, "image": 68, "img_id": "img_images_illus66.jpg", "img_type": 0, "is_figure": false, "described_by": null, "alt": null}}, {"model": "altpoet.img", "pk": 69, "fields": {"document": 1, "image": 69, "img_id": "img_images_illus67.jpg", "img_type": 0, "is_figure": false, "described_by": null, "alt": null}}, {"model": "altpoet.img", "pk": 70, "fields": {"document": 1, "image": 70, "img_id": "img_images_illus68.jpg", "img_type": 0, "is_figure": false, "described_by": null, "alt": null}}, {"model": "altpoet.img", "pk": 71, "fields": {"document": 1, "image": 71, "img_id": "img_images_illus69.jpg", "img_type": 0, "is_figure": false, "described_by": null, "alt": null}}, {"model": "altpoet.img", "pk": 72, "fields": {"document": 1, "image": 72, "img_id": "img_images_illus70.jpg", "img_type": 0, "is_figure": false, "described_by": null, "alt": null}}, {"model": "altpoet.img", "pk": 73, "fields": {"document": 1, "image": 73, "img_id": "img_images_illus71.jpg", "img_type": 0, "is_figure": false, "described_by": null, "alt": null}}, {"model": "altpoet.img", "pk": 74, "fields": {"document": 1, "image": 74, "img_id": "img_images_illus72.jpg", "img_type": 0, "is_figure": false, "described_by": null, "alt": null}}, {"model": "altpoet.img", "pk": 75, "fields": {"document": 1, "image": 75, "img_id": "img_images_illus73.jpg", "img_type": 0, "is_figure": false, "described_by": null, "alt": null}}, {"model": "altpoet.img", "pk": 76, "fields": {"document": 1, "image": 76, "img_id": "img_images_illus74.jpg", "img_type": 0, "is_figure": false, "described_by": null, "alt": null}}, {"model": "altpoet.img", "pk": 77, "fields": {"document": 1, "image": 77, "img_id": "img_images_illus75.jpg", "img_type": 0, "is_figure": false, "described_by": null, "alt": null}}, {"model": "altpoet.img", "pk": 78, "fields": {"document": 1, "image": 78, "img_id": "img_images_illus76.jpg", "img_type": 0, "is_figure": false, "described_by": null, "alt": null}}, {"model": "altpoet.img", "pk": 79, "fields": {"document": 1, "image": 79, "img_id": "img_images_illus77.jpg", "img_type": 0, "is_figure": false, "described_by": null, "alt": null}}, {"model": "altpoet.img", "pk": 80, "fields": {"document": 1, "image": 80, "img_id": "img_images_illus78.jpg", "img_type": 0, "is_figure": false, "described_by": null, "alt": null}}, {"model": "altpoet.img", "pk": 81, "fields": {"document": 1, "image": 81, "img_id": "img_images_illus79.jpg", "img_type": 0, "is_figure": false, "described_by": null, "alt": null}}, {"model": "altpoet.img", "pk": 82, "fields": {"document": 1, "image": 82, "img_id": "img_images_illus80.jpg", "img_type": 0, "is_figure": false, "described_by": null, "alt": null}}, {"model": "altpoet.img", "pk": 83, "fields": {"document": 1, "image": 83, "img_id": "img_images_illus81.jpg", "img_type": 0, "is_figure": false, "described_by": null, "alt": null}}, {"model": "altpoet.img", "pk": 84, "fields": {"document": 1, "image": 84, "img_id": "img_images_illus82.jpg", "img_type": 0, "is_figure": false, "described_by": null, "alt": null}}, {"model": "altpoet.img", "pk": 85, "fields": {"document": 1, "image": 85, "img_id": "img_images_illus83.jpg", "img_type": 0, "is_figure": false, "described_by": null, "alt": null}}, {"model": "altpoet.img", "pk": 86, "fields": {"document": 1, "image": 86, "img_id": "img_images_illus84.jpg", "img_type": 0, "is_figure": false, "described_by": null, "alt": null}}, {"model": "altpoet.img", "pk": 87, "fields": {"document": 1, "image": 87, "img_id": "img_images_illus85.jpg", "img_type": 0, "is_figure": false, "described_by": null, "alt": null}}, {"model": "altpoet.img", "pk": 88, "fields": {"document": 1, "image": 88, "img_id": "img_images_illus86.jpg", "img_type": 0, "is_figure": false, "described_by": null, "alt": null}}, {"model": "altpoet.img", "pk": 89, "fields": {"document": 1, "image": 89, "img_id": "img_images_illus87.jpg", "img_type": 0, "is_figure": false, "described_by": null, "alt": null}}, {"model": "altpoet.img", "pk": 90, "fields": {"document": 1, "image": 90, "img_id": "img_images_illus88.jpg", "img_type": 0, "is_figure": false, "described_by": null, "alt": null}}, {"model": "altpoet.img", "pk": 91, "fields": {"document": 1, "image": 91, "img_id": "img_images_illus89.jpg", "img_type": 0, "is_figure": false, "described_by": null, "alt": null}}, {"model": "altpoet.img", "pk": 92, "fields": {"document": 1, "image": 92, "img_id": "img_images_illus90.jpg", "img_type": 0, "is_figure": false, "described_by": null, "alt": null}}, {"model": "altpoet.img", "pk": 93, "fields": {"document": 1, "image": 93, "img_id": "img_images_illus91.jpg", "img_type": 0, "is_figure": false, "described_by": null, "alt": null}}, {"model": "altpoet.img", "pk": 94, "fields": {"document": 1, "image": 94, "img_id": "img_images_illus92.jpg", "img_type": 0, "is_figure": false, "described_by": null, "alt": null}}, {"model": "altpoet.img", "pk": 95, "fields": {"document": 1, "image": 95, "img_id": "img_images_illus93.jpg", "img_type": 0, "is_figure": false, "described_by": null, "alt": null}}, {"model": "altpoet.img", "pk": 96, "fields": {"document": 1, "image": 96, "img_id": "img_images_illus94.jpg", "img_type": 0, "is_figure": false, "described_by": null, "alt": null}}, {"model": "altpoet.img", "pk": 97, "fields": {"document": 1, "image": 97, "img_id": "img_images_illus95.jpg", "img_type": 0, "is_figure": false, "described_by": null, "alt": null}}, {"model": "altpoet.img", "pk": 98, "fields": {"document": 1, "image": 98, "img_id": "img_images_illus96.jpg", "img_type": 0, "is_figure": false, "described_by": null, "alt": null}}, {"model": "altpoet.img", "pk": 99, "fields": {"document": 1, "image": 99, "img_id": "img_images_illus97.jpg", "img_type": 0, "is_figure": false, "described_by": null, "alt": null}}, {"model": "altpoet.img", "pk": 100, "fields": {"document": 1, "image": 100, "img_id": "img_images_illus98.jpg", "img_type": 0, "is_figure": false, "described_by": null, "alt": null}}, {"model": "altpoet.img", "pk": 101, "fields": {"document": 1, "image": 101, "img_id": "img_images_illus99.jpg", "img_type": 0, "is_figure": false, "described_by": null, "alt": null}}, {"model": "altpoet.img", "pk": 102, "fields": {"document": 1, "image": 102, "img_id": "img_images_illus100.jpg", "img_type": 0, "is_figure": false, "described_by": null, "alt": null}}, {"model": "altpoet.img", "pk": 103, "fields": {"document": 1, "image": 103, "img_id": "img_images_illus101.jpg", "img_type": 0, "is_figure": false, "described_by": null, "alt": null}}, {"model": "altpoet.img", "pk": 104, "fields": {"document": 1, "image": 104, "img_id": "img_images_illus102.jpg", "img_type": 0, "is_figure": false, "described_by": null, "alt": null}}, {"model": "altpoet.img", "pk": 105, "fields": {"document": 1, "image": 105, "img_id": "img_images_illus103.jpg", "img_type": 0, "is_figure": false, "described_by": null, "alt": null}}, {"model": "altpoet.img", "pk": 106, "fields": {"document": 1, "image": 106, "img_id": "img_images_illus104.jpg", "img_type": 0, "is_figure": false, "described_by": null, "alt": null}}, {"model": "altpoet.img", "pk": 107, "fields": {"document": 1, "image": 107, "img_id": "img_images_illus105.jpg", "img_type": 0, "is_figure": false, "described_by": null, "alt": null}}, {"model": "altpoet.img", "pk": 108, "fields": {"document": 1, "image": 108, "img_id": "img_images_illus106.jpg", "img_type": 0, "is_figure": false, "described_by": null, "alt": null}}, {"model": "altpoet.img", "pk": 109, "fields": {"document": 1, "image": 109, "img_id": "img_images_illus107.jpg", "img_type": 0, "is_figure": false, "described_by": null, "alt": null}}, {"model": "altpoet.img", "pk": 110, "fields": {"document": 1, "image": 110, "img_id": "img_images_illus108.jpg", "img_type": 0, "is_figure": false, "described_by": null, "alt": null}}, {"model": "altpoet.img", "pk": 111, "fields": {"document": 1, "image": 111, "img_id": "img_images_illus109.jpg", "img_type": 0, "is_figure": false, "described_by": null, "alt": null}}, {"model": "altpoet.img", "pk": 112, "fields": {"document": 1, "image": 112, "img_id": "img_images_illus110.jpg", "img_type": 0, "is_figure": false, "described_by": null, "alt": null}}, {"model": "altpoet.img", "pk": 113, "fields": {"document": 1, "image": 113, "img_id": "img_images_illus111.jpg", "img_type": 0, "is_figure": false, "described_by": null, "alt": null}}, {"model": "altpoet.img", "pk": 114, "fields": {"document": 1, "image": 114, "img_id": "img_images_illus112.jpg", "img_type": 0, "is_figure": false, "described_by": null, "alt": null}}, {"model": "altpoet.img", "pk": 115, "fields": {"document": 1, "image": 115, "img_id": "img_images_illus113.jpg", "img_type": 0, "is_figure": false, "described_by": null, "alt": null}}, {"model": "altpoet.img", "pk": 116, "fields": {"document": 2, "image": 116, "img_id": "img_images_illusc.jpg", "img_type": 0, "is_figure": false, "described_by": null, "alt": null}}, {"model": "altpoet.img", "pk": 117, "fields": {"document": 2, "image": 117, "img_id": "img_images_illus1.jpg", "img_type": 0, "is_figure": false, "described_by": null, "alt": null}}, {"model": "altpoet.img", "pk": 118, "fields": {"document": 2, "image": 118, "img_id": "img_images_illus2.jpg", "img_type": 0, "is_figure": false, "described_by": null, "alt": null}}, {"model": "altpoet.img", "pk": 119, "fields": {"document": 2, "image": 119, "img_id": "img_images_illus3.jpg", "img_type": 0, "is_figure": false, "described_by": null, "alt": null}}, {"model": "altpoet.img", "pk": 120, "fields": {"document": 2, "image": 120, "img_id": "img_images_illus4.jpg", "img_type": 0, "is_figure": false, "described_by": null, "alt": null}}, {"model": "altpoet.img", "pk": 121, "fields": {"document": 2, "image": 121, "img_id": "img_images_illus5.jpg", "img_type": 0, "is_figure": false, "described_by": null, "alt": null}}, {"model": "altpoet.img", "pk": 122, "fields": {"document": 2, "image": 122, "img_id": "img_images_illus6.jpg", "img_type": 0, "is_figure": false, "described_by": null, "alt": null}}, {"model": "altpoet.img", "pk": 123, "fields": {"document": 2, "image": 123, "img_id": "img_images_illus7.jpg", "img_type": 0, "is_figure": false, "described_by": null, "alt": null}}, {"model": "altpoet.img", "pk": 124, "fields": {"document": 2, "image": 124, "img_id": "img_images_illus8.jpg", "img_type": 0, "is_figure": false, "described_by": null, "alt": null}}, {"model": "altpoet.img", "pk": 125, "fields": {"document": 2, "image": 125, "img_id": "img_images_illus9.jpg", "img_type": 0, "is_figure": false, "described_by": null, "alt": null}}, {"model": "altpoet.img", "pk": 126, "fields": {"document": 2, "image": 126, "img_id": "img_images_illus10.jpg", "img_type": 0, "is_figure": false, "described_by": null, "alt": null}}, {"model": "altpoet.img", "pk": 127, "fields": {"document": 2, "image": 127, "img_id": "img_images_illus11.jpg", "img_type": 0, "is_figure": false, "described_by": null, "alt": null}}, {"model": "altpoet.img", "pk": 128, "fields": {"document": 2, "image": 128, "img_id": "img_images_illus12.jpg", "img_type": 0, "is_figure": false, "described_by": null, "alt": null}}, {"model": "altpoet.img", "pk": 129, "fields": {"document": 2, "image": 129, "img_id": "img_images_illus13.jpg", "img_type": 0, "is_figure": false, "described_by": null, "alt": null}}, {"model": "altpoet.img", "pk": 130, "fields": {"document": 2, "image": 130, "img_id": "img_images_illus14.jpg", "img_type": 0, "is_figure": false, "described_by": null, "alt": null}}, {"model": "altpoet.img", "pk": 131, "fields": {"document": 2, "image": 131, "img_id": "img_images_illus15.jpg", "img_type": 0, "is_figure": false, "described_by": null, "alt": null}}, {"model": "altpoet.img", "pk": 132, "fields": {"document": 2, "image": 132, "img_id": "img_images_illus16.jpg", "img_type": 0, "is_figure": false, "described_by": null, "alt": null}}, {"model": "altpoet.img", "pk": 133, "fields": {"document": 2, "image": 133, "img_id": "img_images_illus17.jpg", "img_type": 0, "is_figure": false, "described_by": null, "alt": null}}, {"model": "altpoet.img", "pk": 134, "fields": {"document": 2, "image": 134, "img_id": "img_images_illus18.jpg", "img_type": 0, "is_figure": false, "described_by": null, "alt": null}}, {"model": "altpoet.img", "pk": 135, "fields": {"document": 2, "image": 135, "img_id": "img_images_illus19.jpg", "img_type": 0, "is_figure": false, "described_by": null, "alt": null}}, {"model": "altpoet.img", "pk": 136, "fields": {"document": 2, "image": 136, "img_id": "img_images_illus20.jpg", "img_type": 0, "is_figure": false, "described_by": null, "alt": null}}, {"model": "altpoet.img", "pk": 137, "fields": {"document": 2, "image": 137, "img_id": "img_images_illus21.jpg", "img_type": 0, "is_figure": false, "described_by": null, "alt": null}}, {"model": "altpoet.img", "pk": 138, "fields": {"document": 2, "image": 138, "img_id": "img_images_illus22.jpg", "img_type": 0, "is_figure": false, "described_by": null, "alt": null}}, {"model": "altpoet.img", "pk": 139, "fields": {"document": 2, "image": 139, "img_id": "img_images_illus23.jpg", "img_type": 0, "is_figure": false, "described_by": null, "alt": null}}, {"model": "altpoet.img", "pk": 140, "fields": {"document": 2, "image": 140, "img_id": "img_images_illus24.jpg", "img_type": 0, "is_figure": false, "described_by": null, "alt": null}}, {"model": "altpoet.img", "pk": 141, "fields": {"document": 2, "image": 141, "img_id": "img_images_illus25.jpg", "img_type": 0, "is_figure": false, "described_by": null, "alt": null}}, {"model": "altpoet.img", "pk": 142, "fields": {"document": 2, "image": 142, "img_id": "img_images_illus26.jpg", "img_type": 0, "is_figure": false, "described_by": null, "alt": null}}, {"model": "altpoet.img", "pk": 143, "fields": {"document": 2, "image": 143, "img_id": "img_images_illus27.jpg", "img_type": 0, "is_figure": false, "described_by": null, "alt": null}}, {"model": "altpoet.img", "pk": 144, "fields": {"document": 2, "image": 144, "img_id": "img_images_illus28.jpg", "img_type": 0, "is_figure": false, "described_by": null, "alt": null}}, {"model": "altpoet.img", "pk": 145, "fields": {"document": 2, "image": 145, "img_id": "img_images_illus29.jpg", "img_type": 0, "is_figure": false, "described_by": null, "alt": null}}, {"model": "altpoet.img", "pk": 146, "fields": {"document": 2, "image": 146, "img_id": "img_images_illus30.jpg", "img_type": 0, "is_figure": false, "described_by": null, "alt": null}}, {"model": "altpoet.img", "pk": 147, "fields": {"document": 2, "image": 147, "img_id": "img_images_illus31.jpg", "img_type": 0, "is_figure": false, "described_by": null, "alt": null}}, {"model": "altpoet.img", "pk": 148, "fields": {"document": 2, "image": 148, "img_id": "img_images_illus32.jpg", "img_type": 0, "is_figure": false, "described_by": null, "alt": null}}, {"model": "altpoet.img", "pk": 149, "fields": {"document": 2, "image": 149, "img_id": "img_images_illus33.jpg", "img_type": 0, "is_figure": false, "described_by": null, "alt": null}}, {"model": "altpoet.img", "pk": 150, "fields": {"document": 2, "image": 150, "img_id": "img_images_illus34.jpg", "img_type": 0, "is_figure": false, "described_by": null, "alt": null}}, {"model": "altpoet.img", "pk": 151, "fields": {"document": 2, "image": 151, "img_id": "img_images_illus35.jpg", "img_type": 0, "is_figure": false, "described_by": null, "alt": null}}, {"model": "altpoet.img", "pk": 152, "fields": {"document": 2, "image": 152, "img_id": "img_images_illus36.jpg", "img_type": 0, "is_figure": false, "described_by": null, "alt": null}}, {"model": "altpoet.img", "pk": 153, "fields": {"document": 2, "image": 153, "img_id": "img_images_illus37.jpg", "img_type": 0, "is_figure": false, "described_by": null, "alt": null}}, {"model": "altpoet.img", "pk": 154, "fields": {"document": 2, "image": 154, "img_id": "img_images_illus38.jpg", "img_type": 0, "is_figure": false, "described_by": null, "alt": null}}, {"model": "altpoet.img", "pk": 155, "fields": {"document": 2, "image": 155, "img_id": "img_images_illus39.jpg", "img_type": 0, "is_figure": false, "described_by": null, "alt": null}}, {"model": "altpoet.img", "pk": 156, "fields": {"document": 2, "image": 156, "img_id": "img_images_illus40.jpg", "img_type": 0, "is_figure": false, "described_by": null, "alt": null}}, {"model": "altpoet.img", "pk": 157, "fields": {"document": 2, "image": 157, "img_id": "img_images_illus41.jpg", "img_type": 0, "is_figure": false, "described_by": null, "alt": null}}, {"model": "altpoet.img", "pk": 158, "fields": {"document": 2, "image": 158, "img_id": "img_images_illus42.jpg", "img_type": 0, "is_figure": false, "described_by": null, "alt": null}}, {"model": "altpoet.img", "pk": 159, "fields": {"document": 2, "image": 159, "img_id": "img_images_illus43.jpg", "img_type": 0, "is_figure": false, "described_by": null, "alt": null}}, {"model": "altpoet.img", "pk": 160, "fields": {"document": 2, "image": 160, "img_id": "img_images_illus44.jpg", "img_type": 0, "is_figure": false, "described_by": null, "alt": null}}, {"model": "altpoet.img", "pk": 161, "fields": {"document": 2, "image": 161, "img_id": "img_images_illus45.jpg", "img_type": 0, "is_figure": false, "described_by": null, "alt": null}}, {"model": "altpoet.img", "pk": 162, "fields": {"document": 2, "image": 162, "img_id": "img_images_illus46.jpg", "img_type": 0, "is_figure": false, "described_by": null, "alt": null}}, {"model": "altpoet.img", "pk": 163, "fields": {"document": 2, "image": 163, "img_id": "img_images_illus47.jpg", "img_type": 0, "is_figure": false, "described_by": null, "alt": null}}, {"model": "altpoet.img", "pk": 164, "fields": {"document": 2, "image": 164, "img_id": "img_images_illus48.jpg", "img_type": 0, "is_figure": false, "described_by": null, "alt": null}}, {"model": "altpoet.img", "pk": 165, "fields": {"document": 2, "image": 165, "img_id": "img_images_illus49.jpg", "img_type": 0, "is_figure": false, "described_by": null, "alt": null}}, {"model": "altpoet.img", "pk": 166, "fields": {"document": 2, "image": 166, "img_id": "img_images_illus50.jpg", "img_type": 0, "is_figure": false, "described_by": null, "alt": null}}, {"model": "altpoet.img", "pk": 167, "fields": {"document": 2, "image": 167, "img_id": "img_images_illus51.jpg", "img_type": 0, "is_figure": false, "described_by": null, "alt": null}}, {"model": "altpoet.img", "pk": 168, "fields": {"document": 2, "image": 168, "img_id": "img_images_illus52.jpg", "img_type": 0, "is_figure": false, "described_by": null, "alt": null}}, {"model": "altpoet.img", "pk": 169, "fields": {"document": 2, "image": 169, "img_id": "img_images_illus53.jpg", "img_type": 0, "is_figure": false, "described_by": null, "alt": null}}, {"model": "altpoet.img", "pk": 170, "fields": {"document": 2, "image": 170, "img_id": "img_images_illus54.jpg", "img_type": 0, "is_figure": false, "described_by": null, "alt": null}}, {"model": "altpoet.img", "pk": 171, "fields": {"document": 2, "image": 171, "img_id": "img_images_illus55.jpg", "img_type": 0, "is_figure": false, "described_by": null, "alt": null}}, {"model": "altpoet.img", "pk": 172, "fields": {"document": 2, "image": 172, "img_id": "img_images_illus56.jpg", "img_type": 0, "is_figure": false, "described_by": null, "alt": null}}, {"model": "altpoet.img", "pk": 173, "fields": {"document": 2, "image": 173, "img_id": "img_images_illus57.jpg", "img_type": 0, "is_figure": false, "described_by": null, "alt": null}}, {"model": "altpoet.img", "pk": 174, "fields": {"document": 2, "image": 174, "img_id": "img_images_illus58.jpg", "img_type": 0, "is_figure": false, "described_by": null, "alt": null}}, {"model": "altpoet.img", "pk": 175, "fields": {"document": 2, "image": 175, "img_id": "img_images_illus59.jpg", "img_type": 0, "is_figure": false, "described_by": null, "alt": null}}, {"model": "altpoet.img", "pk": 176, "fields": {"document": 2, "image": 176, "img_id": "img_images_illus60.jpg", "img_type": 0, "is_figure": false, "described_by": null, "alt": null}}, {"model": "altpoet.img", "pk": 177, "fields": {"document": 2, "image": 177, "img_id": "img_images_illus61.jpg", "img_type": 0, "is_figure": false, "described_by": null, "alt": null}}, {"model": "altpoet.img", "pk": 178, "fields": {"document": 2, "image": 178, "img_id": "img_images_illus62.jpg", "img_type": 0, "is_figure": false, "described_by": null, "alt": null}}, {"model": "altpoet.img", "pk": 179, "fields": {"document": 2, "image": 179, "img_id": "img_images_illus63.jpg", "img_type": 0, "is_figure": false, "described_by": null, "alt": null}}, {"model": "altpoet.img", "pk": 180, "fields": {"document": 2, "image": 180, "img_id": "img_images_illus64.jpg", "img_type": 0, "is_figure": false, "described_by": null, "alt": null}}, {"model": "altpoet.img", "pk": 181, "fields": {"document": 2, "image": 181, "img_id": "img_images_illus65.jpg", "img_type": 0, "is_figure": false, "described_by": null, "alt": null}}, {"model": "altpoet.img", "pk": 182, "fields": {"document": 2, "image": 182, "img_id": "img_images_illus66.jpg", "img_type": 0, "is_figure": false, "described_by": null, "alt": null}}, {"model": "altpoet.img", "pk": 183, "fields": {"document": 2, "image": 183, "img_id": "img_images_illus67.jpg", "img_type": 0, "is_figure": false, "described_by": null, "alt": null}}, {"model": "altpoet.img", "pk": 184, "fields": {"document": 2, "image": 184, "img_id": "img_images_illus68.jpg", "img_type": 0, "is_figure": false, "described_by": null, "alt": null}}, {"model": "altpoet.img", "pk": 185, "fields": {"document": 2, "image": 185, "img_id": "img_images_illus69.jpg", "img_type": 0, "is_figure": false, "described_by": null, "alt": null}}, {"model": "altpoet.img", "pk": 186, "fields": {"document": 2, "image": 186, "img_id": "img_images_illus70.jpg", "img_type": 0, "is_figure": false, "described_by": null, "alt": null}}, {"model": "altpoet.img", "pk": 187, "fields": {"document": 2, "image": 187, "img_id": "img_images_illus71.jpg", "img_type": 0, "is_figure": false, "described_by": null, "alt": null}}, {"model": "altpoet.img", "pk": 188, "fields": {"document": 2, "image": 188, "img_id": "img_images_illus72.jpg", "img_type": 0, "is_figure": false, "described_by": null, "alt": null}}, {"model": "altpoet.img", "pk": 189, "fields": {"document": 2, "image": 189, "img_id": "img_images_illus73.jpg", "img_type": 0, "is_figure": false, "described_by": null, "alt": null}}, {"model": "altpoet.img", "pk": 190, "fields": {"document": 2, "image": 190, "img_id": "img_images_illus74.jpg", "img_type": 0, "is_figure": false, "described_by": null, "alt": null}}, {"model": "altpoet.img", "pk": 191, "fields": {"document": 2, "image": 191, "img_id": "img_images_illus75.jpg", "img_type": 0, "is_figure": false, "described_by": null, "alt": null}}, {"model": "altpoet.img", "pk": 192, "fields": {"document": 2, "image": 192, "img_id": "img_images_illus76.jpg", "img_type": 0, "is_figure": false, "described_by": null, "alt": null}}, {"model": "altpoet.img", "pk": 193, "fields": {"document": 2, "image": 193, "img_id": "img_images_illus77.jpg", "img_type": 0, "is_figure": false, "described_by": null, "alt": null}}, {"model": "altpoet.img", "pk": 194, "fields": {"document": 2, "image": 194, "img_id": "img_images_illus78.jpg", "img_type": 0, "is_figure": false, "described_by": null, "alt": null}}, {"model": "altpoet.img", "pk": 195, "fields": {"document": 2, "image": 195, "img_id": "img_images_illus79.jpg", "img_type": 0, "is_figure": false, "described_by": null, "alt": null}}, {"model": "altpoet.img", "pk": 196, "fields": {"document": 2, "image": 196, "img_id": "img_images_illus80.jpg", "img_type": 0, "is_figure": false, "described_by": null, "alt": null}}, {"model": "altpoet.img", "pk": 197, "fields": {"document": 2, "image": 197, "img_id": "img_images_illus81.jpg", "img_type": 0, "is_figure": false, "described_by": null, "alt": null}}, {"model": "altpoet.img", "pk": 198, "fields": {"document": 2, "image": 198, "img_id": "img_images_illus82.jpg", "img_type": 0, "is_figure": false, "described_by": null, "alt": null}}, {"model": "altpoet.img", "pk": 199, "fields": {"document": 2, "image": 199, "img_id": "img_images_illus83.jpg", "img_type": 0, "is_figure": false, "described_by": null, "alt": null}}, {"model": "altpoet.img", "pk": 200, "fields": {"document": 2, "image": 200, "img_id": "img_images_illus84.jpg", "img_type": 0, "is_figure": false, "described_by": null, "alt": null}}, {"model": "altpoet.img", "pk": 201, "fields": {"document": 2, "image": 201, "img_id": "img_images_illus85.jpg", "img_type": 0, "is_figure": false, "described_by": null, "alt": null}}, {"model": "altpoet.img", "pk": 202, "fields": {"document": 2, "image": 202, "img_id": "img_images_illus86.jpg", "img_type": 0, "is_figure": false, "described_by": null, "alt": null}}, {"model": "altpoet.img", "pk": 203, "fields": {"document": 2, "image": 203, "img_id": "img_images_illus87.jpg", "img_type": 0, "is_figure": false, "described_by": null, "alt": null}}, {"model": "altpoet.img", "pk": 204, "fields": {"document": 2, "image": 204, "img_id": "img_images_illus88.jpg", "img_type": 0, "is_figure": false, "described_by": null, "alt": null}}, {"model": "altpoet.img", "pk": 205, "fields": {"document": 2, "image": 205, "img_id": "img_images_illus89.jpg", "img_type": 0, "is_figure": false, "described_by": null, "alt": null}}, {"model": "altpoet.img", "pk": 206, "fields": {"document": 2, "image": 206, "img_id": "img_images_illus90.jpg", "img_type": 0, "is_figure": false, "described_by": null, "alt": null}}, {"model": "altpoet.img", "pk": 207, "fields": {"document": 2, "image": 207, "img_id": "img_images_illus91.jpg", "img_type": 0, "is_figure": false, "described_by": null, "alt": null}}, {"model": "altpoet.img", "pk": 208, "fields": {"document": 2, "image": 208, "img_id": "img_images_illus92.jpg", "img_type": 0, "is_figure": false, "described_by": null, "alt": null}}, {"model": "altpoet.img", "pk": 209, "fields": {"document": 2, "image": 209, "img_id": "img_images_illus93.jpg", "img_type": 0, "is_figure": false, "described_by": null, "alt": null}}, {"model": "altpoet.img", "pk": 210, "fields": {"document": 2, "image": 210, "img_id": "img_images_illus94.jpg", "img_type": 0, "is_figure": false, "described_by": null, "alt": null}}, {"model": "altpoet.img", "pk": 211, "fields": {"document": 2, "image": 211, "img_id": "img_images_illus95.jpg", "img_type": 0, "is_figure": false, "described_by": null, "alt": null}}, {"model": "altpoet.img", "pk": 212, "fields": {"document": 2, "image": 212, "img_id": "img_images_illus96.jpg", "img_type": 0, "is_figure": false, "described_by": null, "alt": null}}, {"model": "altpoet.img", "pk": 213, "fields": {"document": 2, "image": 213, "img_id": "img_images_illus97.jpg", "img_type": 0, "is_figure": false, "described_by": null, "alt": null}}, {"model": "altpoet.img", "pk": 214, "fields": {"document": 2, "image": 214, "img_id": "img_images_illus98.jpg", "img_type": 0, "is_figure": false, "described_by": null, "alt": null}}, {"model": "altpoet.img", "pk": 215, "fields": {"document": 2, "image": 215, "img_id": "img_images_illus99.jpg", "img_type": 0, "is_figure": false, "described_by": null, "alt": null}}, {"model": "altpoet.img", "pk": 216, "fields": {"document": 2, "image": 216, "img_id": "img_images_illus100.jpg", "img_type": 0, "is_figure": false, "described_by": null, "alt": null}}, {"model": "altpoet.img", "pk": 217, "fields": {"document": 2, "image": 217, "img_id": "img_images_illus101.jpg", "img_type": 0, "is_figure": false, "described_by": null, "alt": null}}, {"model": "altpoet.img", "pk": 218, "fields": {"document": 2, "image": 218, "img_id": "img_images_ep.jpg", "img_type": 0, "is_figure": false, "described_by": null, "alt": null}}, {"model": "altpoet.img", "pk": 219, "fields": {"document": 3, "image": 219, "img_id": "img_images_frontcover.jpg", "img_type": 0, "is_figure": false, "described_by": null, "alt": null}}, {"model": "altpoet.img", "pk": 220, "fields": {"document": 3, "image": 220, "img_id": "img_images_image001.jpg", "img_type": 0, "is_figure": false, "described_by": null, "alt": null}}, {"model": "altpoet.img", "pk": 221, "fields": {"document": 3, "image": 221, "img_id": "img_images_image002.jpg", "img_type": 0, "is_figure": false, "described_by": null, "alt": null}}, {"model": "altpoet.img", "pk": 222, "fields": {"document": 3, "image": 222, "img_id": "img_images_image003c.jpg", "img_type": 0, "is_figure": false, "described_by": null, "alt": null}}, {"model": "altpoet.img", "pk": 223, "fields": {"document": 3, "image": 223, "img_id": "img_images_f.jpg", "img_type": 0, "is_figure": false, "described_by": null, "alt": null}}, {"model": "altpoet.img", "pk": 224, "fields": {"document": 3, "image": 224, "img_id": "img_images_t.jpg", "img_type": 0, "is_figure": false, "described_by": null, "alt": null}}, {"model": "altpoet.img", "pk": 225, "fields": {"document": 3, "image": 225, "img_id": "img_images_w.jpg", "img_type": 0, "is_figure": false, "described_by": null, "alt": null}}, {"model": "altpoet.img", "pk": 226, "fields": {"document": 3, "image": 226, "img_id": "img_images_s.jpg", "img_type": 0, "is_figure": false, "described_by": null, "alt": null}}, {"model": "altpoet.img", "pk": 227, "fields": {"document": 3, "image": 227, "img_id": "img_images_image004.jpg", "img_type": 0, "is_figure": false, "described_by": null, "alt": null}}, {"model": "altpoet.img", "pk": 228, "fields": {"document": 3, "image": 228, "img_id": "img_images_i.jpg", "img_type": 0, "is_figure": false, "described_by": null, "alt": null}}, {"model": "altpoet.img", "pk": 229, "fields": {"document": 3, "image": 229, "img_id": "img_images_handwritingjpg.jpg", "img_type": 0, "is_figure": false, "described_by": null, "alt": null}}, {"model": "altpoet.img", "pk": 230, "fields": {"document": 3, "image": 230, "img_id": "img_images_o.jpg", "img_type": 0, "is_figure": false, "described_by": null, "alt": null}}, {"model": "altpoet.img", "pk": 231, "fields": {"document": 3, "image": 231, "img_id": "img_images_image005.jpg", "img_type": 0, "is_figure": false, "described_by": null, "alt": null}}, {"model": "altpoet.img", "pk": 232, "fields": {"document": 3, "image": 226, "img_id": "img_images_s.jpg_1", "img_type": 0, "is_figure": false, "described_by": null, "alt": null}}, {"model": "altpoet.img", "pk": 233, "fields": {"document": 3, "image": 224, "img_id": "img_images_t.jpg_1", "img_type": 0, "is_figure": false, "described_by": null, "alt": null}}, {"model": "altpoet.img", "pk": 234, "fields": {"document": 4, "image": 232, "img_id": "img_images_01.png", "img_type": 0, "is_figure": false, "described_by": null, "alt": null}}, {"model": "altpoet.img", "pk": 235, "fields": {"document": 4, "image": 233, "img_id": "img_images_02.png", "img_type": 0, "is_figure": false, "described_by": null, "alt": null}}, {"model": "altpoet.img", "pk": 236, "fields": {"document": 4, "image": 234, "img_id": "img_images_03.png", "img_type": 0, "is_figure": false, "described_by": null, "alt": null}}, {"model": "altpoet.img", "pk": 237, "fields": {"document": 4, "image": 235, "img_id": "img_images_04.png", "img_type": 0, "is_figure": false, "described_by": null, "alt": null}}, {"model": "altpoet.img", "pk": 238, "fields": {"document": 4, "image": 236, "img_id": "img_images_05.png", "img_type": 0, "is_figure": false, "described_by": null, "alt": null}}, {"model": "altpoet.img", "pk": 239, "fields": {"document": 4, "image": 237, "img_id": "img_images_06.png", "img_type": 0, "is_figure": false, "described_by": null, "alt": null}}, {"model": "altpoet.img", "pk": 240, "fields": {"document": 4, "image": 238, "img_id": "img_images_07.png", "img_type": 0, "is_figure": false, "described_by": null, "alt": null}}, {"model": "altpoet.img", "pk": 241, "fields": {"document": 4, "image": 239, "img_id": "img_images_08.png", "img_type": 0, "is_figure": false, "described_by": null, "alt": null}}, {"model": "altpoet.img", "pk": 242, "fields": {"document": 4, "image": 240, "img_id": "img_images_09.png", "img_type": 0, "is_figure": false, "described_by": null, "alt": null}}, {"model": "altpoet.img", "pk": 243, "fields": {"document": 4, "image": 241, "img_id": "img_images_10.png", "img_type": 0, "is_figure": false, "described_by": null, "alt": null}}, {"model": "altpoet.img", "pk": 244, "fields": {"document": 4, "image": 242, "img_id": "img_images_11.png", "img_type": 0, "is_figure": false, "described_by": null, "alt": null}}, {"model": "altpoet.image", "pk": 1, "fields": {"url": "https://www.gutenberg.org/cache/epub/67098/images/cover.jpg", "hash": ""}}, {"model": "altpoet.image", "pk": 2, "fields": {"url": "https://www.gutenberg.org/cache/epub/67098/images/illus1.jpg", "hash": ""}}, {"model": "altpoet.image", "pk": 3, "fields": {"url": "https://www.gutenberg.org/cache/epub/67098/images/map.jpg", "hash": ""}}, {"model": "altpoet.image", "pk": 4, "fields": {"url": "https://www.gutenberg.org/cache/epub/67098/images/illus2.jpg", "hash": ""}}, {"model": "altpoet.image", "pk": 5, "fields": {"url": "https://www.gutenberg.org/cache/epub/67098/images/illus3.jpg", "hash": ""}}, {"model": "altpoet.image", "pk": 6, "fields": {"url": "https://www.gutenberg.org/cache/epub/67098/images/illus4.jpg", "hash": ""}}, {"model": "altpoet.image", "pk": 7, "fields": {"url": "https://www.gutenberg.org/cache/epub/67098/images/illus5.jpg", "hash": ""}}, {"model": "altpoet.image", "pk": 8, "fields": {"url": "https://www.gutenberg.org/cache/epub/67098/images/illus6.jpg", "hash": ""}}, {"model": "altpoet.image", "pk": 9, "fields": {"url": "https://www.gutenberg.org/cache/epub/67098/images/illus7.jpg", "hash": ""}}, {"model": "altpoet.image", "pk": 10, "fields": {"url": "https://www.gutenberg.org/cache/epub/67098/images/illus8.jpg", "hash": ""}}, {"model": "altpoet.image", "pk": 11, "fields": {"url": "https://www.gutenberg.org/cache/epub/67098/images/illus9.jpg", "hash": ""}}, {"model": "altpoet.image", "pk": 12, "fields": {"url": "https://www.gutenberg.org/cache/epub/67098/images/illus10.jpg", "hash": ""}}, {"model": "altpoet.image", "pk": 13, "fields": {"url": "https://www.gutenberg.org/cache/epub/67098/images/illus11.jpg", "hash": ""}}, {"model": "altpoet.image", "pk": 14, "fields": {"url": "https://www.gutenberg.org/cache/epub/67098/images/illus12.jpg", "hash": ""}}, {"model": "altpoet.image", "pk": 15, "fields": {"url": "https://www.gutenberg.org/cache/epub/67098/images/illus13.jpg", "hash": ""}}, {"model": "altpoet.image", "pk": 16, "fields": {"url": "https://www.gutenberg.org/cache/epub/67098/images/illus14.jpg", "hash": ""}}, {"model": "altpoet.image", "pk": 17, "fields": {"url": "https://www.gutenberg.org/cache/epub/67098/images/illus15.jpg", "hash": ""}}, {"model": "altpoet.image", "pk": 18, "fields": {"url": "https://www.gutenberg.org/cache/epub/67098/images/illus16.jpg", "hash": ""}}, {"model": "altpoet.image", "pk": 19, "fields": {"url": "https://www.gutenberg.org/cache/epub/67098/images/illus17.jpg", "hash": ""}}, {"model": "altpoet.image", "pk": 20, "fields": {"url": "https://www.gutenberg.org/cache/epub/67098/images/illus18.jpg", "hash": ""}}, {"model": "altpoet.image", "pk": 21, "fields": {"url": "https://www.gutenberg.org/cache/epub/67098/images/illus19.jpg", "hash": ""}}, {"model": "altpoet.image", "pk": 22, "fields": {"url": "https://www.gutenberg.org/cache/epub/67098/images/illus20.jpg", "hash": ""}}, {"model": "altpoet.image", "pk": 23, "fields": {"url": "https://www.gutenberg.org/cache/epub/67098/images/illus21.jpg", "hash": ""}}, {"model": "altpoet.image", "pk": 24, "fields": {"url": "https://www.gutenberg.org/cache/epub/67098/images/illus22.jpg", "hash": ""}}, {"model": "altpoet.image", "pk": 25, "fields": {"url": "https://www.gutenberg.org/cache/epub/67098/images/illus23.jpg", "hash": ""}}, {"model": "altpoet.image", "pk": 26, "fields": {"url": "https://www.gutenberg.org/cache/epub/67098/images/illus24.jpg", "hash": ""}}, {"model": "altpoet.image", "pk": 27, "fields": {"url": "https://www.gutenberg.org/cache/epub/67098/images/illus25.jpg", "hash": ""}}, {"model": "altpoet.image", "pk": 28, "fields": {"url": "https://www.gutenberg.org/cache/epub/67098/images/illus26.jpg", "hash": ""}}, {"model": "altpoet.image", "pk": 29, "fields": {"url": "https://www.gutenberg.org/cache/epub/67098/images/illus27.jpg", "hash": ""}}, {"model": "altpoet.image", "pk": 30, "fields": {"url": "https://www.gutenberg.org/cache/epub/67098/images/illus28.jpg", "hash": ""}}, {"model": "altpoet.image", "pk": 31, "fields": {"url": "https://www.gutenberg.org/cache/epub/67098/images/illus29.jpg", "hash": ""}}, {"model": "altpoet.image", "pk": 32, "fields": {"url": "https://www.gutenberg.org/cache/epub/67098/images/illus30.jpg", "hash": ""}}, {"model": "altpoet.image", "pk": 33, "fields": {"url": "https://www.gutenberg.org/cache/epub/67098/images/illus31.jpg", "hash": ""}}, {"model": "altpoet.image", "pk": 34, "fields": {"url": "https://www.gutenberg.org/cache/epub/67098/images/illus32.jpg", "hash": ""}}, {"model": "altpoet.image", "pk": 35, "fields": {"url": "https://www.gutenberg.org/cache/epub/67098/images/illus33.jpg", "hash": ""}}, {"model": "altpoet.image", "pk": 36, "fields": {"url": "https://www.gutenberg.org/cache/epub/67098/images/illus34.jpg", "hash": ""}}, {"model": "altpoet.image", "pk": 37, "fields": {"url": "https://www.gutenberg.org/cache/epub/67098/images/illus35.jpg", "hash": ""}}, {"model": "altpoet.image", "pk": 38, "fields": {"url": "https://www.gutenberg.org/cache/epub/67098/images/illus36.jpg", "hash": ""}}, {"model": "altpoet.image", "pk": 39, "fields": {"url": "https://www.gutenberg.org/cache/epub/67098/images/illus37.jpg", "hash": ""}}, {"model": "altpoet.image", "pk": 40, "fields": {"url": "https://www.gutenberg.org/cache/epub/67098/images/illus38.jpg", "hash": ""}}, {"model": "altpoet.image", "pk": 41, "fields": {"url": "https://www.gutenberg.org/cache/epub/67098/images/illus39.jpg", "hash": ""}}, {"model": "altpoet.image", "pk": 42, "fields": {"url": "https://www.gutenberg.org/cache/epub/67098/images/illus40.jpg", "hash": ""}}, {"model": "altpoet.image", "pk": 43, "fields": {"url": "https://www.gutenberg.org/cache/epub/67098/images/illus41.jpg", "hash": ""}}, {"model": "altpoet.image", "pk": 44, "fields": {"url": "https://www.gutenberg.org/cache/epub/67098/images/illus42.jpg", "hash": ""}}, {"model": "altpoet.image", "pk": 45, "fields": {"url": "https://www.gutenberg.org/cache/epub/67098/images/illus43.jpg", "hash": ""}}, {"model": "altpoet.image", "pk": 46, "fields": {"url": "https://www.gutenberg.org/cache/epub/67098/images/illus44.jpg", "hash": ""}}, {"model": "altpoet.image", "pk": 47, "fields": {"url": "https://www.gutenberg.org/cache/epub/67098/images/illus45.jpg", "hash": ""}}, {"model": "altpoet.image", "pk": 48, "fields": {"url": "https://www.gutenberg.org/cache/epub/67098/images/illus46.jpg", "hash": ""}}, {"model": "altpoet.image", "pk": 49, "fields": {"url": "https://www.gutenberg.org/cache/epub/67098/images/illus47.jpg", "hash": ""}}, {"model": "altpoet.image", "pk": 50, "fields": {"url": "https://www.gutenberg.org/cache/epub/67098/images/illus48.jpg", "hash": ""}}, {"model": "altpoet.image", "pk": 51, "fields": {"url": "https://www.gutenberg.org/cache/epub/67098/images/illus49.jpg", "hash": ""}}, {"model": "altpoet.image", "pk": 52, "fields": {"url": "https://www.gutenberg.org/cache/epub/67098/images/illus50.jpg", "hash": ""}}, {"model": "altpoet.image", "pk": 53, "fields": {"url": "https://www.gutenberg.org/cache/epub/67098/images/illus51.jpg", "hash": ""}}, {"model": "altpoet.image", "pk": 54, "fields": {"url": "https://www.gutenberg.org/cache/epub/67098/images/illus52.jpg", "hash": ""}}, {"model": "altpoet.image", "pk": 55, "fields": {"url": "https://www.gutenberg.org/cache/epub/67098/images/illus53.jpg", "hash": ""}}, {"model": "altpoet.image", "pk": 56, "fields": {"url": "https://www.gutenberg.org/cache/epub/67098/images/illus54.jpg", "hash": ""}}, {"model": "altpoet.image", "pk": 57, "fields": {"url": "https://www.gutenberg.org/cache/epub/67098/images/illus55.jpg", "hash": ""}}, {"model": "altpoet.image", "pk": 58, "fields": {"url": "https://www.gutenberg.org/cache/epub/67098/images/illus56.jpg", "hash": ""}}, {"model": "altpoet.image", "pk": 59, "fields": {"url": "https://www.gutenberg.org/cache/epub/67098/images/illus57.jpg", "hash": ""}}, {"model": "altpoet.image", "pk": 60, "fields": {"url": "https://www.gutenberg.org/cache/epub/67098/images/illus58.jpg", "hash": ""}}, {"model": "altpoet.image", "pk": 61, "fields": {"url": "https://www.gutenberg.org/cache/epub/67098/images/illus59.jpg", "hash": ""}}, {"model": "altpoet.image", "pk": 62, "fields": {"url": "https://www.gutenberg.org/cache/epub/67098/images/illus60.jpg", "hash": ""}}, {"model": "altpoet.image", "pk": 63, "fields": {"url": "https://www.gutenberg.org/cache/epub/67098/images/illus61.jpg", "hash": ""}}, {"model": "altpoet.image", "pk": 64, "fields": {"url": "https://www.gutenberg.org/cache/epub/67098/images/illus62.jpg", "hash": ""}}, {"model": "altpoet.image", "pk": 65, "fields": {"url": "https://www.gutenberg.org/cache/epub/67098/images/illus63.jpg", "hash": ""}}, {"model": "altpoet.image", "pk": 66, "fields": {"url": "https://www.gutenberg.org/cache/epub/67098/images/illus64.jpg", "hash": ""}}, {"model": "altpoet.image", "pk": 67, "fields": {"url": "https://www.gutenberg.org/cache/epub/67098/images/illus65.jpg", "hash": ""}}, {"model": "altpoet.image", "pk": 68, "fields": {"url": "https://www.gutenberg.org/cache/epub/67098/images/illus66.jpg", "hash": ""}}, {"model": "altpoet.image", "pk": 69, "fields": {"url": "https://www.gutenberg.org/cache/epub/67098/images/illus67.jpg", "hash": ""}}, {"model": "altpoet.image", "pk": 70, "fields": {"url": "https://www.gutenberg.org/cache/epub/67098/images/illus68.jpg", "hash": ""}}, {"model": "altpoet.image", "pk": 71, "fields": {"url": "https://www.gutenberg.org/cache/epub/67098/images/illus69.jpg", "hash": ""}}, {"model": "altpoet.image", "pk": 72, "fields": {"url": "https://www.gutenberg.org/cache/epub/67098/images/illus70.jpg", "hash": ""}}, {"model": "altpoet.image", "pk": 73, "fields": {"url": "https://www.gutenberg.org/cache/epub/67098/images/illus71.jpg", "hash": ""}}, {"model": "altpoet.image", "pk": 74, "fields": {"url": "https://www.gutenberg.org/cache/epub/67098/images/illus72.jpg", "hash": ""}}, {"model": "altpoet.image", "pk": 75, "fields": {"url": "https://www.gutenberg.org/cache/epub/67098/images/illus73.jpg", "hash": ""}}, {"model": "altpoet.image", "pk": 76, "fields": {"url": "https://www.gutenberg.org/cache/epub/67098/images/illus74.jpg", "hash": ""}}, {"model": "altpoet.image", "pk": 77, "fields": {"url": "https://www.gutenberg.org/cache/epub/67098/images/illus75.jpg", "hash": ""}}, {"model": "altpoet.image", "pk": 78, "fields": {"url": "https://www.gutenberg.org/cache/epub/67098/images/illus76.jpg", "hash": ""}}, {"model": "altpoet.image", "pk": 79, "fields": {"url": "https://www.gutenberg.org/cache/epub/67098/images/illus77.jpg", "hash": ""}}, {"model": "altpoet.image", "pk": 80, "fields": {"url": "https://www.gutenberg.org/cache/epub/67098/images/illus78.jpg", "hash": ""}}, {"model": "altpoet.image", "pk": 81, "fields": {"url": "https://www.gutenberg.org/cache/epub/67098/images/illus79.jpg", "hash": ""}}, {"model": "altpoet.image", "pk": 82, "fields": {"url": "https://www.gutenberg.org/cache/epub/67098/images/illus80.jpg", "hash": ""}}, {"model": "altpoet.image", "pk": 83, "fields": {"url": "https://www.gutenberg.org/cache/epub/67098/images/illus81.jpg", "hash": ""}}, {"model": "altpoet.image", "pk": 84, "fields": {"url": "https://www.gutenberg.org/cache/epub/67098/images/illus82.jpg", "hash": ""}}, {"model": "altpoet.image", "pk": 85, "fields": {"url": "https://www.gutenberg.org/cache/epub/67098/images/illus83.jpg", "hash": ""}}, {"model": "altpoet.image", "pk": 86, "fields": {"url": "https://www.gutenberg.org/cache/epub/67098/images/illus84.jpg", "hash": ""}}, {"model": "altpoet.image", "pk": 87, "fields": {"url": "https://www.gutenberg.org/cache/epub/67098/images/illus85.jpg", "hash": ""}}, {"model": "altpoet.image", "pk": 88, "fields": {"url": "https://www.gutenberg.org/cache/epub/67098/images/illus86.jpg", "hash": ""}}, {"model": "altpoet.image", "pk": 89, "fields": {"url": "https://www.gutenberg.org/cache/epub/67098/images/illus87.jpg", "hash": ""}}, {"model": "altpoet.image", "pk": 90, "fields": {"url": "https://www.gutenberg.org/cache/epub/67098/images/illus88.jpg", "hash": ""}}, {"model": "altpoet.image", "pk": 91, "fields": {"url": "https://www.gutenberg.org/cache/epub/67098/images/illus89.jpg", "hash": ""}}, {"model": "altpoet.image", "pk": 92, "fields": {"url": "https://www.gutenberg.org/cache/epub/67098/images/illus90.jpg", "hash": ""}}, {"model": "altpoet.image", "pk": 93, "fields": {"url": "https://www.gutenberg.org/cache/epub/67098/images/illus91.jpg", "hash": ""}}, {"model": "altpoet.image", "pk": 94, "fields": {"url": "https://www.gutenberg.org/cache/epub/67098/images/illus92.jpg", "hash": ""}}, {"model": "altpoet.image", "pk": 95, "fields": {"url": "https://www.gutenberg.org/cache/epub/67098/images/illus93.jpg", "hash": ""}}, {"model": "altpoet.image", "pk": 96, "fields": {"url": "https://www.gutenberg.org/cache/epub/67098/images/illus94.jpg", "hash": ""}}, {"model": "altpoet.image", "pk": 97, "fields": {"url": "https://www.gutenberg.org/cache/epub/67098/images/illus95.jpg", "hash": ""}}, {"model": "altpoet.image", "pk": 98, "fields": {"url": "https://www.gutenberg.org/cache/epub/67098/images/illus96.jpg", "hash": ""}}, {"model": "altpoet.image", "pk": 99, "fields": {"url": "https://www.gutenberg.org/cache/epub/67098/images/illus97.jpg", "hash": ""}}, {"model": "altpoet.image", "pk": 100, "fields": {"url": "https://www.gutenberg.org/cache/epub/67098/images/illus98.jpg", "hash": ""}}, {"model": "altpoet.image", "pk": 101, "fields": {"url": "https://www.gutenberg.org/cache/epub/67098/images/illus99.jpg", "hash": ""}}, {"model": "altpoet.image", "pk": 102, "fields": {"url": "https://www.gutenberg.org/cache/epub/67098/images/illus100.jpg", "hash": ""}}, {"model": "altpoet.image", "pk": 103, "fields": {"url": "https://www.gutenberg.org/cache/epub/67098/images/illus101.jpg", "hash": ""}}, {"model": "altpoet.image", "pk": 104, "fields": {"url": "https://www.gutenberg.org/cache/epub/67098/images/illus102.jpg", "hash": ""}}, {"model": "altpoet.image", "pk": 105, "fields": {"url": "https://www.gutenberg.org/cache/epub/67098/images/illus103.jpg", "hash": ""}}, {"model": "altpoet.image", "pk": 106, "fields": {"url": "https://www.gutenberg.org/cache/epub/67098/images/illus104.jpg", "hash": ""}}, {"model": "altpoet.image", "pk": 107, "fields": {"url": "https://www.gutenberg.org/cache/epub/67098/images/illus105.jpg", "hash": ""}}, {"model": "altpoet.image", "pk": 108, "fields": {"url": "https://www.gutenberg.org/cache/epub/67098/images/illus106.jpg", "hash": ""}}, {"model": "altpoet.image", "pk": 109, "fields": {"url": "https://www.gutenberg.org/cache/epub/67098/images/illus107.jpg", "hash": ""}}, {"model": "altpoet.image", "pk": 110, "fields": {"url": "https://www.gutenberg.org/cache/epub/67098/images/illus108.jpg", "hash": ""}}, {"model": "altpoet.image", "pk": 111, "fields": {"url": "https://www.gutenberg.org/cache/epub/67098/images/illus109.jpg", "hash": ""}}, {"model": "altpoet.image", "pk": 112, "fields": {"url": "https://www.gutenberg.org/cache/epub/67098/images/illus110.jpg", "hash": ""}}, {"model": "altpoet.image", "pk": 113, "fields": {"url": "https://www.gutenberg.org/cache/epub/67098/images/illus111.jpg", "hash": ""}}, {"model": "altpoet.image", "pk": 114, "fields": {"url": "https://www.gutenberg.org/cache/epub/67098/images/illus112.jpg", "hash": ""}}, {"model": "altpoet.image", "pk": 115, "fields": {"url": "https://www.gutenberg.org/cache/epub/67098/images/illus113.jpg", "hash": ""}}, {"model": "altpoet.image", "pk": 116, "fields": {"url": "https://www.gutenberg.org/cache/epub/73011/coverimagesimages/illusc.jpg", "hash": ""}}, {"model": "altpoet.image", "pk": 117, "fields": {"url": "https://www.gutenberg.org/cache/epub/73011/images/illus1.jpg", "hash": ""}}, {"model": "altpoet.image", "pk": 118, "fields": {"url": "https://www.gutenberg.org/cache/epub/73011/images/illus2.jpg", "hash": ""}}, {"model": "altpoet.image", "pk": 119, "fields": {"url": "https://www.gutenberg.org/cache/epub/73011/images/illus3.jpg", "hash": ""}}, {"model": "altpoet.image", "pk": 120, "fields": {"url": "https://www.gutenberg.org/cache/epub/73011/images/illus4.jpg", "hash": ""}}, {"model": "altpoet.image", "pk": 121, "fields": {"url": "https://www.gutenberg.org/cache/epub/73011/images/illus5.jpg", "hash": ""}}, {"model": "altpoet.image", "pk": 122, "fields": {"url": "https://www.gutenberg.org/cache/epub/73011/images/illus6.jpg", "hash": ""}}, {"model": "altpoet.image", "pk": 123, "fields": {"url": "https://www.gutenberg.org/cache/epub/73011/images/illus7.jpg", "hash": ""}}, {"model": "altpoet.image", "pk": 124, "fields": {"url": "https://www.gutenberg.org/cache/epub/73011/images/illus8.jpg", "hash": ""}}, {"model": "altpoet.image", "pk": 125, "fields": {"url": "https://www.gutenberg.org/cache/epub/73011/images/illus9.jpg", "hash": ""}}, {"model": "altpoet.image", "pk": 126, "fields": {"url": "https://www.gutenberg.org/cache/epub/73011/images/illus10.jpg", "hash": ""}}, {"model": "altpoet.image", "pk": 127, "fields": {"url": "https://www.gutenberg.org/cache/epub/73011/images/illus11.jpg", "hash": ""}}, {"model": "altpoet.image", "pk": 128, "fields": {"url": "https://www.gutenberg.org/cache/epub/73011/images/illus12.jpg", "hash": ""}}, {"model": "altpoet.image", "pk": 129, "fields": {"url": "https://www.gutenberg.org/cache/epub/73011/images/illus13.jpg", "hash": ""}}, {"model": "altpoet.image", "pk": 130, "fields": {"url": "https://www.gutenberg.org/cache/epub/73011/images/illus14.jpg", "hash": ""}}, {"model": "altpoet.image", "pk": 131, "fields": {"url": "https://www.gutenberg.org/cache/epub/73011/images/illus15.jpg", "hash": ""}}, {"model": "altpoet.image", "pk": 132, "fields": {"url": "https://www.gutenberg.org/cache/epub/73011/images/illus16.jpg", "hash": ""}}, {"model": "altpoet.image", "pk": 133, "fields": {"url": "https://www.gutenberg.org/cache/epub/73011/images/illus17.jpg", "hash": ""}}, {"model": "altpoet.image", "pk": 134, "fields": {"url": "https://www.gutenberg.org/cache/epub/73011/images/illus18.jpg", "hash": ""}}, {"model": "altpoet.image", "pk": 135, "fields": {"url": "https://www.gutenberg.org/cache/epub/73011/images/illus19.jpg", "hash": ""}}, {"model": "altpoet.image", "pk": 136, "fields": {"url": "https://www.gutenberg.org/cache/epub/73011/images/illus20.jpg", "hash": ""}}, {"model": "altpoet.image", "pk": 137, "fields": {"url": "https://www.gutenberg.org/cache/epub/73011/images/illus21.jpg", "hash": ""}}, {"model": "altpoet.image", "pk": 138, "fields": {"url": "https://www.gutenberg.org/cache/epub/73011/images/illus22.jpg", "hash": ""}}, {"model": "altpoet.image", "pk": 139, "fields": {"url": "https://www.gutenberg.org/cache/epub/73011/images/illus23.jpg", "hash": ""}}, {"model": "altpoet.image", "pk": 140, "fields": {"url": "https://www.gutenberg.org/cache/epub/73011/images/illus24.jpg", "hash": ""}}, {"model": "altpoet.image", "pk": 141, "fields": {"url": "https://www.gutenberg.org/cache/epub/73011/images/illus25.jpg", "hash": ""}}, {"model": "altpoet.image", "pk": 142, "fields": {"url": "https://www.gutenberg.org/cache/epub/73011/images/illus26.jpg", "hash": ""}}, {"model": "altpoet.image", "pk": 143, "fields": {"url": "https://www.gutenberg.org/cache/epub/73011/images/illus27.jpg", "hash": ""}}, {"model": "altpoet.image", "pk": 144, "fields": {"url": "https://www.gutenberg.org/cache/epub/73011/images/illus28.jpg", "hash": ""}}, {"model": "altpoet.image", "pk": 145, "fields": {"url": "https://www.gutenberg.org/cache/epub/73011/images/illus29.jpg", "hash": ""}}, {"model": "altpoet.image", "pk": 146, "fields": {"url": "https://www.gutenberg.org/cache/epub/73011/images/illus30.jpg", "hash": ""}}, {"model": "altpoet.image", "pk": 147, "fields": {"url": "https://www.gutenberg.org/cache/epub/73011/images/illus31.jpg", "hash": ""}}, {"model": "altpoet.image", "pk": 148, "fields": {"url": "https://www.gutenberg.org/cache/epub/73011/images/illus32.jpg", "hash": ""}}, {"model": "altpoet.image", "pk": 149, "fields": {"url": "https://www.gutenberg.org/cache/epub/73011/images/illus33.jpg", "hash": ""}}, {"model": "altpoet.image", "pk": 150, "fields": {"url": "https://www.gutenberg.org/cache/epub/73011/images/illus34.jpg", "hash": ""}}, {"model": "altpoet.image", "pk": 151, "fields": {"url": "https://www.gutenberg.org/cache/epub/73011/images/illus35.jpg", "hash": ""}}, {"model": "altpoet.image", "pk": 152, "fields": {"url": "https://www.gutenberg.org/cache/epub/73011/images/illus36.jpg", "hash": ""}}, {"model": "altpoet.image", "pk": 153, "fields": {"url": "https://www.gutenberg.org/cache/epub/73011/images/illus37.jpg", "hash": ""}}, {"model": "altpoet.image", "pk": 154, "fields": {"url": "https://www.gutenberg.org/cache/epub/73011/images/illus38.jpg", "hash": ""}}, {"model": "altpoet.image", "pk": 155, "fields": {"url": "https://www.gutenberg.org/cache/epub/73011/images/illus39.jpg", "hash": ""}}, {"model": "altpoet.image", "pk": 156, "fields": {"url": "https://www.gutenberg.org/cache/epub/73011/images/illus40.jpg", "hash": ""}}, {"model": "altpoet.image", "pk": 157, "fields": {"url": "https://www.gutenberg.org/cache/epub/73011/images/illus41.jpg", "hash": ""}}, {"model": "altpoet.image", "pk": 158, "fields": {"url": "https://www.gutenberg.org/cache/epub/73011/images/illus42.jpg", "hash": ""}}, {"model": "altpoet.image", "pk": 159, "fields": {"url": "https://www.gutenberg.org/cache/epub/73011/images/illus43.jpg", "hash": ""}}, {"model": "altpoet.image", "pk": 160, "fields": {"url": "https://www.gutenberg.org/cache/epub/73011/images/illus44.jpg", "hash": ""}}, {"model": "altpoet.image", "pk": 161, "fields": {"url": "https://www.gutenberg.org/cache/epub/73011/images/illus45.jpg", "hash": ""}}, {"model": "altpoet.image", "pk": 162, "fields": {"url": "https://www.gutenberg.org/cache/epub/73011/images/illus46.jpg", "hash": ""}}, {"model": "altpoet.image", "pk": 163, "fields": {"url": "https://www.gutenberg.org/cache/epub/73011/images/illus47.jpg", "hash": ""}}, {"model": "altpoet.image", "pk": 164, "fields": {"url": "https://www.gutenberg.org/cache/epub/73011/images/illus48.jpg", "hash": ""}}, {"model": "altpoet.image", "pk": 165, "fields": {"url": "https://www.gutenberg.org/cache/epub/73011/images/illus49.jpg", "hash": ""}}, {"model": "altpoet.image", "pk": 166, "fields": {"url": "https://www.gutenberg.org/cache/epub/73011/images/illus50.jpg", "hash": ""}}, {"model": "altpoet.image", "pk": 167, "fields": {"url": "https://www.gutenberg.org/cache/epub/73011/images/illus51.jpg", "hash": ""}}, {"model": "altpoet.image", "pk": 168, "fields": {"url": "https://www.gutenberg.org/cache/epub/73011/images/illus52.jpg", "hash": ""}}, {"model": "altpoet.image", "pk": 169, "fields": {"url": "https://www.gutenberg.org/cache/epub/73011/images/illus53.jpg", "hash": ""}}, {"model": "altpoet.image", "pk": 170, "fields": {"url": "https://www.gutenberg.org/cache/epub/73011/images/illus54.jpg", "hash": ""}}, {"model": "altpoet.image", "pk": 171, "fields": {"url": "https://www.gutenberg.org/cache/epub/73011/images/illus55.jpg", "hash": ""}}, {"model": "altpoet.image", "pk": 172, "fields": {"url": "https://www.gutenberg.org/cache/epub/73011/images/illus56.jpg", "hash": ""}}, {"model": "altpoet.image", "pk": 173, "fields": {"url": "https://www.gutenberg.org/cache/epub/73011/images/illus57.jpg", "hash": ""}}, {"model": "altpoet.image", "pk": 174, "fields": {"url": "https://www.gutenberg.org/cache/epub/73011/images/illus58.jpg", "hash": ""}}, {"model": "altpoet.image", "pk": 175, "fields": {"url": "https://www.gutenberg.org/cache/epub/73011/images/illus59.jpg", "hash": ""}}, {"model": "altpoet.image", "pk": 176, "fields": {"url": "https://www.gutenberg.org/cache/epub/73011/images/illus60.jpg", "hash": ""}}, {"model": "altpoet.image", "pk": 177, "fields": {"url": "https://www.gutenberg.org/cache/epub/73011/images/illus61.jpg", "hash": ""}}, {"model": "altpoet.image", "pk": 178, "fields": {"url": "https://www.gutenberg.org/cache/epub/73011/images/illus62.jpg", "hash": ""}}, {"model": "altpoet.image", "pk": 179, "fields": {"url": "https://www.gutenberg.org/cache/epub/73011/images/illus63.jpg", "hash": ""}}, {"model": "altpoet.image", "pk": 180, "fields": {"url": "https://www.gutenberg.org/cache/epub/73011/images/illus64.jpg", "hash": ""}}, {"model": "altpoet.image", "pk": 181, "fields": {"url": "https://www.gutenberg.org/cache/epub/73011/images/illus65.jpg", "hash": ""}}, {"model": "altpoet.image", "pk": 182, "fields": {"url": "https://www.gutenberg.org/cache/epub/73011/images/illus66.jpg", "hash": ""}}, {"model": "altpoet.image", "pk": 183, "fields": {"url": "https://www.gutenberg.org/cache/epub/73011/images/illus67.jpg", "hash": ""}}, {"model": "altpoet.image", "pk": 184, "fields": {"url": "https://www.gutenberg.org/cache/epub/73011/images/illus68.jpg", "hash": ""}}, {"model": "altpoet.image", "pk": 185, "fields": {"url": "https://www.gutenberg.org/cache/epub/73011/images/illus69.jpg", "hash": ""}}, {"model": "altpoet.image", "pk": 186, "fields": {"url": "https://www.gutenberg.org/cache/epub/73011/images/illus70.jpg", "hash": ""}}, {"model": "altpoet.image", "pk": 187, "fields": {"url": "https://www.gutenberg.org/cache/epub/73011/images/illus71.jpg", "hash": ""}}, {"model": "altpoet.image", "pk": 188, "fields": {"url": "https://www.gutenberg.org/cache/epub/73011/images/illus72.jpg", "hash": ""}}, {"model": "altpoet.image", "pk": 189, "fields": {"url": "https://www.gutenberg.org/cache/epub/73011/images/illus73.jpg", "hash": ""}}, {"model": "altpoet.image", "pk": 190, "fields": {"url": "https://www.gutenberg.org/cache/epub/73011/images/illus74.jpg", "hash": ""}}, {"model": "altpoet.image", "pk": 191, "fields": {"url": "https://www.gutenberg.org/cache/epub/73011/images/illus75.jpg", "hash": ""}}, {"model": "altpoet.image", "pk": 192, "fields": {"url": "https://www.gutenberg.org/cache/epub/73011/images/illus76.jpg", "hash": ""}}, {"model": "altpoet.image", "pk": 193, "fields": {"url": "https://www.gutenberg.org/cache/epub/73011/images/illus77.jpg", "hash": ""}}, {"model": "altpoet.image", "pk": 194, "fields": {"url": "https://www.gutenberg.org/cache/epub/73011/images/illus78.jpg", "hash": ""}}, {"model": "altpoet.image", "pk": 195, "fields": {"url": "https://www.gutenberg.org/cache/epub/73011/images/illus79.jpg", "hash": ""}}, {"model": "altpoet.image", "pk": 196, "fields": {"url": "https://www.gutenberg.org/cache/epub/73011/images/illus80.jpg", "hash": ""}}, {"model": "altpoet.image", "pk": 197, "fields": {"url": "https://www.gutenberg.org/cache/epub/73011/images/illus81.jpg", "hash": ""}}, {"model": "altpoet.image", "pk": 198, "fields": {"url": "https://www.gutenberg.org/cache/epub/73011/images/illus82.jpg", "hash": ""}}, {"model": "altpoet.image", "pk": 199, "fields": {"url": "https://www.gutenberg.org/cache/epub/73011/images/illus83.jpg", "hash": ""}}, {"model": "altpoet.image", "pk": 200, "fields": {"url": "https://www.gutenberg.org/cache/epub/73011/images/illus84.jpg", "hash": ""}}, {"model": "altpoet.image", "pk": 201, "fields": {"url": "https://www.gutenberg.org/cache/epub/73011/images/illus85.jpg", "hash": ""}}, {"model": "altpoet.image", "pk": 202, "fields": {"url": "https://www.gutenberg.org/cache/epub/73011/images/illus86.jpg", "hash": ""}}, {"model": "altpoet.image", "pk": 203, "fields": {"url": "https://www.gutenberg.org/cache/epub/73011/images/illus87.jpg", "hash": ""}}, {"model": "altpoet.image", "pk": 204, "fields": {"url": "https://www.gutenberg.org/cache/epub/73011/images/illus88.jpg", "hash": ""}}, {"model": "altpoet.image", "pk": 205, "fields": {"url": "https://www.gutenberg.org/cache/epub/73011/images/illus89.jpg", "hash": ""}}, {"model": "altpoet.image", "pk": 206, "fields": {"url": "https://www.gutenberg.org/cache/epub/73011/images/illus90.jpg", "hash": ""}}, {"model": "altpoet.image", "pk": 207, "fields": {"url": "https://www.gutenberg.org/cache/epub/73011/images/illus91.jpg", "hash": ""}}, {"model": "altpoet.image", "pk": 208, "fields": {"url": "https://www.gutenberg.org/cache/epub/73011/images/illus92.jpg", "hash": ""}}, {"model": "altpoet.image", "pk": 209, "fields": {"url": "https://www.gutenberg.org/cache/epub/73011/images/illus93.jpg", "hash": ""}}, {"model": "altpoet.image", "pk": 210, "fields": {"url": "https://www.gutenberg.org/cache/epub/73011/images/illus94.jpg", "hash": ""}}, {"model": "altpoet.image", "pk": 211, "fields": {"url": "https://www.gutenberg.org/cache/epub/73011/images/illus95.jpg", "hash": ""}}, {"model": "altpoet.image", "pk": 212, "fields": {"url": "https://www.gutenberg.org/cache/epub/73011/images/illus96.jpg", "hash": ""}}, {"model": "altpoet.image", "pk": 213, "fields": {"url": "https://www.gutenberg.org/cache/epub/73011/images/illus97.jpg", "hash": ""}}, {"model": "altpoet.image", "pk": 214, "fields": {"url": "https://www.gutenberg.org/cache/epub/73011/images/illus98.jpg", "hash": ""}}, {"model": "altpoet.image", "pk": 215, "fields": {"url": "https://www.gutenberg.org/cache/epub/73011/images/illus99.jpg", "hash": ""}}, {"model": "altpoet.image", "pk": 216, "fields": {"url": "https://www.gutenberg.org/cache/epub/73011/images/illus100.jpg", "hash": ""}}, {"model": "altpoet.image", "pk": 217, "fields": {"url": "https://www.gutenberg.org/cache/epub/73011/images/illus101.jpg", "hash": ""}}, {"model": "altpoet.image", "pk": 218, "fields": {"url": "https://www.gutenberg.org/cache/epub/73011/images/ep.jpg", "hash": ""}}, {"model": "altpoet.image", "pk": 219, "fields": {"url": "https://www.gutenberg.org/cache/epub/38604/images/frontcover.jpg", "hash": ""}}, {"model": "altpoet.image", "pk": 220, "fields": {"url": "https://www.gutenberg.org/cache/epub/38604/images/image001.jpg", "hash": ""}}, {"model": "altpoet.image", "pk": 221, "fields": {"url": "https://www.gutenberg.org/cache/epub/38604/images/image002.jpg", "hash": ""}}, {"model": "altpoet.image", "pk": 222, "fields": {"url": "https://www.gutenberg.org/cache/epub/38604/images/image003c.jpg", "hash": ""}}, {"model": "altpoet.image", "pk": 223, "fields": {"url": "https://www.gutenberg.org/cache/epub/38604/images/f.jpg", "hash": ""}}, {"model": "altpoet.image", "pk": 224, "fields": {"url": "https://www.gutenberg.org/cache/epub/38604/images/t.jpg", "hash": ""}}, {"model": "altpoet.image", "pk": 225, "fields": {"url": "https://www.gutenberg.org/cache/epub/38604/images/w.jpg", "hash": ""}}, {"model": "altpoet.image", "pk": 226, "fields": {"url": "https://www.gutenberg.org/cache/epub/38604/images/s.jpg", "hash": ""}}, {"model": "altpoet.image", "pk": 227, "fields": {"url": "https://www.gutenberg.org/cache/epub/38604/images/image004.jpg", "hash": ""}}, {"model": "altpoet.image", "pk": 228, "fields": {"url": "https://www.gutenberg.org/cache/epub/38604/images/i.jpg", "hash": ""}}, {"model": "altpoet.image", "pk": 229, "fields": {"url": "https://www.gutenberg.org/cache/epub/38604/images/handwritingjpg.jpg", "hash": ""}}, {"model": "altpoet.image", "pk": 230, "fields": {"url": "https://www.gutenberg.org/cache/epub/38604/images/o.jpg", "hash": ""}}, {"model": "altpoet.image", "pk": 231, "fields": {"url": "https://www.gutenberg.org/cache/epub/38604/images/image005.jpg", "hash": ""}}, {"model": "altpoet.image", "pk": 232, "fields": {"url": "https://www.gutenberg.org/cache/epub/15388/images/01.png", "hash": ""}}, {"model": "altpoet.image", "pk": 233, "fields": {"url": "https://www.gutenberg.org/cache/epub/15388/images/02.png", "hash": ""}}, {"model": "altpoet.image", "pk": 234, "fields": {"url": "https://www.gutenberg.org/cache/epub/15388/images/03.png", "hash": ""}}, {"model": "altpoet.image", "pk": 235, "fields": {"url": "https://www.gutenberg.org/cache/epub/15388/images/04.png", "hash": ""}}, {"model": "altpoet.image", "pk": 236, "fields": {"url": "https://www.gutenberg.org/cache/epub/15388/images/05.png", "hash": ""}}, {"model": "altpoet.image", "pk": 237, "fields": {"url": "https://www.gutenberg.org/cache/epub/15388/images/06.png", "hash": ""}}, {"model": "altpoet.image", "pk": 238, "fields": {"url": "https://www.gutenberg.org/cache/epub/15388/images/07.png", "hash": ""}}, {"model": "altpoet.image", "pk": 239, "fields": {"url": "https://www.gutenberg.org/cache/epub/15388/images/08.png", "hash": ""}}, {"model": "altpoet.image", "pk": 240, "fields": {"url": "https://www.gutenberg.org/cache/epub/15388/images/09.png", "hash": ""}}, {"model": "altpoet.image", "pk": 241, "fields": {"url": "https://www.gutenberg.org/cache/epub/15388/images/10.png", "hash": ""}}, {"model": "altpoet.image", "pk": 242, "fields": {"url": "https://www.gutenberg.org/cache/epub/15388/images/11.png", "hash": ""}}, {"model": "altpoet.alt", "pk": 1, "fields": {"text": "", "img": 1, "source": null, "created": "2025-03-24T20:01:02.137Z"}}, {"model": "altpoet.alt", "pk": 2, "fields": {"text": "", "img": 2, "source": null, "created": "2025-03-24T20:07:41.236Z"}}, {"model": "altpoet.alt", "pk": 3, "fields": {"text": "", "img": 3, "source": null, "created": "2025-03-24T20:07:41.252Z"}}, {"model": "altpoet.alt", "pk": 4, "fields": {"text": "", "img": 4, "source": null, "created": "2025-03-24T20:07:41.259Z"}}, {"model": "altpoet.alt", "pk": 5, "fields": {"text": "", "img": 5, "source": null, "created": "2025-03-24T20:07:41.266Z"}}, {"model": "altpoet.alt", "pk": 6, "fields": {"text": "", "img": 6, "source": null, "created": "2025-03-24T20:07:41.280Z"}}, {"model": "altpoet.alt", "pk": 7, "fields": {"text": "", "img": 7, "source": null, "created": "2025-03-24T20:07:41.286Z"}}, {"model": "altpoet.alt", "pk": 8, "fields": {"text": "", "img": 8, "source": null, "created": "2025-03-24T20:07:41.293Z"}}, {"model": "altpoet.alt", "pk": 9, "fields": {"text": "", "img": 9, "source": null, "created": "2025-03-24T20:07:41.298Z"}}, {"model": "altpoet.alt", "pk": 10, "fields": {"text": "", "img": 10, "source": null, "created": "2025-03-24T20:07:41.306Z"}}, {"model": "altpoet.alt", "pk": 11, "fields": {"text": "", "img": 11, "source": null, "created": "2025-03-24T20:07:41.325Z"}}, {"model": "altpoet.alt", "pk": 12, "fields": {"text": "", "img": 12, "source": null, "created": "2025-03-24T20:07:41.333Z"}}, {"model": "altpoet.alt", "pk": 13, "fields": {"text": "", "img": 13, "source": null, "created": "2025-03-24T20:07:41.339Z"}}, {"model": "altpoet.alt", "pk": 14, "fields": {"text": "", "img": 14, "source": null, "created": "2025-03-24T20:07:41.345Z"}}, {"model": "altpoet.alt", "pk": 15, "fields": {"text": "", "img": 15, "source": null, "created": "2025-03-24T20:07:41.351Z"}}, {"model": "altpoet.alt", "pk": 16, "fields": {"text": "", "img": 16, "source": null, "created": "2025-03-24T20:07:41.358Z"}}, {"model": "altpoet.alt", "pk": 17, "fields": {"text": "", "img": 17, "source": null, "created": "2025-03-24T20:07:41.365Z"}}, {"model": "altpoet.alt", "pk": 18, "fields": {"text": "", "img": 18, "source": null, "created": "2025-03-24T20:07:41.371Z"}}, {"model": "altpoet.alt", "pk": 19, "fields": {"text": "", "img": 19, "source": null, "created": "2025-03-24T20:07:41.377Z"}}, {"model": "altpoet.alt", "pk": 20, "fields": {"text": "", "img": 20, "source": null, "created": "2025-03-24T20:07:41.383Z"}}, {"model": "altpoet.alt", "pk": 21, "fields": {"text": "", "img": 21, "source": null, "created": "2025-03-24T20:07:41.390Z"}}, {"model": "altpoet.alt", "pk": 22, "fields": {"text": "", "img": 22, "source": null, "created": "2025-03-24T20:07:41.397Z"}}, {"model": "altpoet.alt", "pk": 23, "fields": {"text": "", "img": 23, "source": null, "created": "2025-03-24T20:07:41.402Z"}}, {"model": "altpoet.alt", "pk": 24, "fields": {"text": "", "img": 24, "source": null, "created": "2025-03-24T20:07:41.409Z"}}, {"model": "altpoet.alt", "pk": 25, "fields": {"text": "", "img": 25, "source": null, "created": "2025-03-24T20:07:41.414Z"}}, {"model": "altpoet.alt", "pk": 26, "fields": {"text": "", "img": 26, "source": null, "created": "2025-03-24T20:07:41.420Z"}}, {"model": "altpoet.alt", "pk": 27, "fields": {"text": "", "img": 27, "source": null, "created": "2025-03-24T20:07:41.425Z"}}, {"model": "altpoet.alt", "pk": 28, "fields": {"text": "", "img": 28, "source": null, "created": "2025-03-24T20:07:41.431Z"}}, {"model": "altpoet.alt", "pk": 29, "fields": {"text": "", "img": 29, "source": null, "created": "2025-03-24T20:07:41.437Z"}}, {"model": "altpoet.alt", "pk": 30, "fields": {"text": "", "img": 30, "source": null, "created": "2025-03-24T20:07:41.443Z"}}, {"model": "altpoet.alt", "pk": 31, "fields": {"text": "", "img": 31, "source": null, "created": "2025-03-24T20:07:41.449Z"}}, {"model": "altpoet.alt", "pk": 32, "fields": {"text": "", "img": 32, "source": null, "created": "2025-03-24T20:07:41.455Z"}}, {"model": "altpoet.alt", "pk": 33, "fields": {"text": "", "img": 33, "source": null, "created": "2025-03-24T20:07:41.461Z"}}, {"model": "altpoet.alt", "pk": 34, "fields": {"text": "", "img": 34, "source": null, "created": "2025-03-24T20:07:41.468Z"}}, {"model": "altpoet.alt", "pk": 35, "fields": {"text": "", "img": 35, "source": null, "created": "2025-03-24T20:07:41.474Z"}}, {"model": "altpoet.alt", "pk": 36, "fields": {"text": "", "img": 36, "source": null, "created": "2025-03-24T20:07:41.480Z"}}, {"model": "altpoet.alt", "pk": 37, "fields": {"text": "", "img": 37, "source": null, "created": "2025-03-24T20:07:41.489Z"}}, {"model": "altpoet.alt", "pk": 38, "fields": {"text": "", "img": 38, "source": null, "created": "2025-03-24T20:07:41.497Z"}}, {"model": "altpoet.alt", "pk": 39, "fields": {"text": "", "img": 39, "source": null, "created": "2025-03-24T20:07:41.503Z"}}, {"model": "altpoet.alt", "pk": 40, "fields": {"text": "", "img": 40, "source": null, "created": "2025-03-24T20:07:41.508Z"}}, {"model": "altpoet.alt", "pk": 41, "fields": {"text": "", "img": 41, "source": null, "created": "2025-03-24T20:07:41.514Z"}}, {"model": "altpoet.alt", "pk": 42, "fields": {"text": "", "img": 42, "source": null, "created": "2025-03-24T20:07:41.535Z"}}, {"model": "altpoet.alt", "pk": 43, "fields": {"text": "", "img": 43, "source": null, "created": "2025-03-24T20:07:41.540Z"}}, {"model": "altpoet.alt", "pk": 44, "fields": {"text": "", "img": 44, "source": null, "created": "2025-03-24T20:07:41.545Z"}}, {"model": "altpoet.alt", "pk": 45, "fields": {"text": "", "img": 45, "source": null, "created": "2025-03-24T20:07:41.550Z"}}, {"model": "altpoet.alt", "pk": 46, "fields": {"text": "", "img": 46, "source": null, "created": "2025-03-24T20:07:41.557Z"}}, {"model": "altpoet.alt", "pk": 47, "fields": {"text": "", "img": 47, "source": null, "created": "2025-03-24T20:07:41.562Z"}}, {"model": "altpoet.alt", "pk": 48, "fields": {"text": "", "img": 48, "source": null, "created": "2025-03-24T20:07:41.566Z"}}, {"model": "altpoet.alt", "pk": 49, "fields": {"text": "", "img": 49, "source": null, "created": "2025-03-24T20:07:41.571Z"}}, {"model": "altpoet.alt", "pk": 50, "fields": {"text": "", "img": 50, "source": null, "created": "2025-03-24T20:07:41.575Z"}}, {"model": "altpoet.alt", "pk": 51, "fields": {"text": "", "img": 51, "source": null, "created": "2025-03-24T20:07:41.580Z"}}, {"model": "altpoet.alt", "pk": 52, "fields": {"text": "", "img": 52, "source": null, "created": "2025-03-24T20:07:41.584Z"}}, {"model": "altpoet.alt", "pk": 53, "fields": {"text": "", "img": 53, "source": null, "created": "2025-03-24T20:07:41.589Z"}}, {"model": "altpoet.alt", "pk": 54, "fields": {"text": "", "img": 54, "source": null, "created": "2025-03-24T20:07:41.594Z"}}, {"model": "altpoet.alt", "pk": 55, "fields": {"text": "", "img": 55, "source": null, "created": "2025-03-24T20:07:41.603Z"}}, {"model": "altpoet.alt", "pk": 56, "fields": {"text": "", "img": 56, "source": null, "created": "2025-03-24T20:07:41.607Z"}}, {"model": "altpoet.alt", "pk": 57, "fields": {"text": "", "img": 57, "source": null, "created": "2025-03-24T20:07:41.614Z"}}, {"model": "altpoet.alt", "pk": 58, "fields": {"text": "", "img": 58, "source": null, "created": "2025-03-24T20:07:41.618Z"}}, {"model": "altpoet.alt", "pk": 59, "fields": {"text": "", "img": 59, "source": null, "created": "2025-03-24T20:07:41.623Z"}}, {"model": "altpoet.alt", "pk": 60, "fields": {"text": "", "img": 60, "source": null, "created": "2025-03-24T20:07:41.628Z"}}, {"model": "altpoet.alt", "pk": 61, "fields": {"text": "", "img": 61, "source": null, "created": "2025-03-24T20:07:41.633Z"}}, {"model": "altpoet.alt", "pk": 62, "fields": {"text": "", "img": 62, "source": null, "created": "2025-03-24T20:07:41.637Z"}}, {"model": "altpoet.alt", "pk": 63, "fields": {"text": "", "img": 63, "source": null, "created": "2025-03-24T20:07:41.642Z"}}, {"model": "altpoet.alt", "pk": 64, "fields": {"text": "", "img": 64, "source": null, "created": "2025-03-24T20:07:41.646Z"}}, {"model": "altpoet.alt", "pk": 65, "fields": {"text": "", "img": 65, "source": null, "created": "2025-03-24T20:07:41.664Z"}}, {"model": "altpoet.alt", "pk": 66, "fields": {"text": "", "img": 66, "source": null, "created": "2025-03-24T20:07:41.672Z"}}, {"model": "altpoet.alt", "pk": 67, "fields": {"text": "", "img": 67, "source": null, "created": "2025-03-24T20:07:41.678Z"}}, {"model": "altpoet.alt", "pk": 68, "fields": {"text": "", "img": 68, "source": null, "created": "2025-03-24T20:07:41.683Z"}}, {"model": "altpoet.alt", "pk": 69, "fields": {"text": "", "img": 69, "source": null, "created": "2025-03-24T20:07:41.688Z"}}, {"model": "altpoet.alt", "pk": 70, "fields": {"text": "", "img": 70, "source": null, "created": "2025-03-24T20:07:41.694Z"}}, {"model": "altpoet.alt", "pk": 71, "fields": {"text": "", "img": 71, "source": null, "created": "2025-03-24T20:07:41.699Z"}}, {"model": "altpoet.alt", "pk": 72, "fields": {"text": "", "img": 72, "source": null, "created": "2025-03-24T20:07:41.704Z"}}, {"model": "altpoet.alt", "pk": 73, "fields": {"text": "", "img": 73, "source": null, "created": "2025-03-24T20:07:41.710Z"}}, {"model": "altpoet.alt", "pk": 74, "fields": {"text": "", "img": 74, "source": null, "created": "2025-03-24T20:07:41.715Z"}}, {"model": "altpoet.alt", "pk": 75, "fields": {"text": "", "img": 75, "source": null, "created": "2025-03-24T20:07:41.721Z"}}, {"model": "altpoet.alt", "pk": 76, "fields": {"text": "", "img": 76, "source": null, "created": "2025-03-24T20:07:41.727Z"}}, {"model": "altpoet.alt", "pk": 77, "fields": {"text": "", "img": 77, "source": null, "created": "2025-03-24T20:07:41.736Z"}}, {"model": "altpoet.alt", "pk": 78, "fields": {"text": "", "img": 78, "source": null, "created": "2025-03-24T20:07:41.746Z"}}, {"model": "altpoet.alt", "pk": 79, "fields": {"text": "", "img": 79, "source": null, "created": "2025-03-24T20:07:41.754Z"}}, {"model": "altpoet.alt", "pk": 80, "fields": {"text": "", "img": 80, "source": null, "created": "2025-03-24T20:07:41.761Z"}}, {"model": "altpoet.alt", "pk": 81, "fields": {"text": "", "img": 81, "source": null, "created": "2025-03-24T20:07:41.766Z"}}, {"model": "altpoet.alt", "pk": 82, "fields": {"text": "", "img": 82, "source": null, "created": "2025-03-24T20:07:41.800Z"}}, {"model": "altpoet.alt", "pk": 83, "fields": {"text": "", "img": 83, "source": null, "created": "2025-03-24T20:07:41.808Z"}}, {"model": "altpoet.alt", "pk": 84, "fields": {"text": "", "img": 84, "source": null, "created": "2025-03-24T20:07:41.822Z"}}, {"model": "altpoet.alt", "pk": 85, "fields": {"text": "", "img": 85, "source": null, "created": "2025-03-24T20:07:41.841Z"}}, {"model": "altpoet.alt", "pk": 86, "fields": {"text": "", "img": 86, "source": null, "created": "2025-03-24T20:07:41.848Z"}}, {"model": "altpoet.alt", "pk": 87, "fields": {"text": "", "img": 87, "source": null, "created": "2025-03-24T20:07:41.855Z"}}, {"model": "altpoet.alt", "pk": 88, "fields": {"text": "", "img": 88, "source": null, "created": "2025-03-24T20:07:41.861Z"}}, {"model": "altpoet.alt", "pk": 89, "fields": {"text": "", "img": 89, "source": null, "created": "2025-03-24T20:07:41.868Z"}}, {"model": "altpoet.alt", "pk": 90, "fields": {"text": "", "img": 90, "source": null, "created": "2025-03-24T20:07:41.873Z"}}, {"model": "altpoet.alt", "pk": 91, "fields": {"text": "", "img": 91, "source": null, "created": "2025-03-24T20:07:41.881Z"}}, {"model": "altpoet.alt", "pk": 92, "fields": {"text": "", "img": 92, "source": null, "created": "2025-03-24T20:07:41.888Z"}}, {"model": "altpoet.alt", "pk": 93, "fields": {"text": "", "img": 93, "source": null, "created": "2025-03-24T20:07:41.894Z"}}, {"model": "altpoet.alt", "pk": 94, "fields": {"text": "", "img": 94, "source": null, "created": "2025-03-24T20:07:41.899Z"}}, {"model": "altpoet.alt", "pk": 95, "fields": {"text": "", "img": 95, "source": null, "created": "2025-03-24T20:07:41.905Z"}}, {"model": "altpoet.alt", "pk": 96, "fields": {"text": "", "img": 96, "source": null, "created": "2025-03-24T20:07:41.911Z"}}, {"model": "altpoet.alt", "pk": 97, "fields": {"text": "", "img": 97, "source": null, "created": "2025-03-24T20:07:41.932Z"}}, {"model": "altpoet.alt", "pk": 98, "fields": {"text": "", "img": 98, "source": null, "created": "2025-03-24T20:07:41.950Z"}}, {"model": "altpoet.alt", "pk": 99, "fields": {"text": "", "img": 99, "source": null, "created": "2025-03-24T20:07:41.956Z"}}, {"model": "altpoet.alt", "pk": 100, "fields": {"text": "", "img": 100, "source": null, "created": "2025-03-24T20:07:41.962Z"}}, {"model": "altpoet.alt", "pk": 101, "fields": {"text": "", "img": 101, "source": null, "created": "2025-03-24T20:07:41.970Z"}}, {"model": "altpoet.alt", "pk": 102, "fields": {"text": "", "img": 102, "source": null, "created": "2025-03-24T20:07:41.985Z"}}, {"model": "altpoet.alt", "pk": 103, "fields": {"text": "", "img": 103, "source": null, "created": "2025-03-24T20:07:42.000Z"}}, {"model": "altpoet.alt", "pk": 104, "fields": {"text": "", "img": 104, "source": null, "created": "2025-03-24T20:07:42.007Z"}}, {"model": "altpoet.alt", "pk": 105, "fields": {"text": "", "img": 105, "source": null, "created": "2025-03-24T20:07:42.012Z"}}, {"model": "altpoet.alt", "pk": 106, "fields": {"text": "", "img": 106, "source": null, "created": "2025-03-24T20:07:42.018Z"}}, {"model": "altpoet.alt", "pk": 107, "fields": {"text": "", "img": 107, "source": null, "created": "2025-03-24T20:07:42.026Z"}}, {"model": "altpoet.alt", "pk": 108, "fields": {"text": "", "img": 108, "source": null, "created": "2025-03-24T20:07:42.032Z"}}, {"model": "altpoet.alt", "pk": 109, "fields": {"text": "", "img": 109, "source": null, "created": "2025-03-24T20:07:42.038Z"}}, {"model": "altpoet.alt", "pk": 110, "fields": {"text": "", "img": 110, "source": null, "created": "2025-03-24T20:07:42.044Z"}}, {"model": "altpoet.alt", "pk": 111, "fields": {"text": "", "img": 111, "source": null, "created": "2025-03-24T20:07:42.049Z"}}, {"model": "altpoet.alt", "pk": 112, "fields": {"text": "", "img": 112, "source": null, "created": "2025-03-24T20:07:42.056Z"}}, {"model": "altpoet.alt", "pk": 113, "fields": {"text": "", "img": 113, "source": null, "created": "2025-03-24T20:07:42.064Z"}}, {"model": "altpoet.alt", "pk": 114, "fields": {"text": "", "img": 114, "source": null, "created": "2025-03-24T20:07:42.071Z"}}, {"model": "altpoet.alt", "pk": 115, "fields": {"text": "", "img": 115, "source": null, "created": "2025-03-24T20:07:42.078Z"}}, {"model": "altpoet.alt", "pk": 116, "fields": {"text": "", "img": 116, "source": null, "created": "2025-03-24T20:07:42.457Z"}}, {"model": "altpoet.alt", "pk": 117, "fields": {"text": "", "img": 117, "source": null, "created": "2025-03-24T20:07:42.468Z"}}, {"model": "altpoet.alt", "pk": 118, "fields": {"text": "", "img": 118, "source": null, "created": "2025-03-24T20:07:42.478Z"}}, {"model": "altpoet.alt", "pk": 119, "fields": {"text": "", "img": 119, "source": null, "created": "2025-03-24T20:07:42.488Z"}}, {"model": "altpoet.alt", "pk": 120, "fields": {"text": "", "img": 120, "source": null, "created": "2025-03-24T20:07:42.498Z"}}, {"model": "altpoet.alt", "pk": 121, "fields": {"text": "", "img": 121, "source": null, "created": "2025-03-24T20:07:42.508Z"}}, {"model": "altpoet.alt", "pk": 122, "fields": {"text": "", "img": 122, "source": null, "created": "2025-03-24T20:07:42.518Z"}}, {"model": "altpoet.alt", "pk": 123, "fields": {"text": "", "img": 123, "source": null, "created": "2025-03-24T20:07:42.529Z"}}, {"model": "altpoet.alt", "pk": 124, "fields": {"text": "", "img": 124, "source": null, "created": "2025-03-24T20:07:42.538Z"}}, {"model": "altpoet.alt", "pk": 125, "fields": {"text": "", "img": 125, "source": null, "created": "2025-03-24T20:07:42.547Z"}}, {"model": "altpoet.alt", "pk": 126, "fields": {"text": "", "img": 126, "source": null, "created": "2025-03-24T20:07:42.558Z"}}, {"model": "altpoet.alt", "pk": 127, "fields": {"text": "", "img": 127, "source": null, "created": "2025-03-24T20:07:42.568Z"}}, {"model": "altpoet.alt", "pk": 128, "fields": {"text": "", "img": 128, "source": null, "created": "2025-03-24T20:07:42.578Z"}}, {"model": "altpoet.alt", "pk": 129, "fields": {"text": "", "img": 129, "source": null, "created": "2025-03-24T20:07:42.588Z"}}, {"model": "altpoet.alt", "pk": 130, "fields": {"text": "", "img": 130, "source": null, "created": "2025-03-24T20:07:42.611Z"}}, {"model": "altpoet.alt", "pk": 131, "fields": {"text": "", "img": 131, "source": null, "created": "2025-03-24T20:07:42.618Z"}}, {"model": "altpoet.alt", "pk": 132, "fields": {"text": "", "img": 132, "source": null, "created": "2025-03-24T20:07:42.629Z"}}, {"model": "altpoet.alt", "pk": 133, "fields": {"text": "", "img": 133, "source": null, "created": "2025-03-24T20:07:42.639Z"}}, {"model": "altpoet.alt", "pk": 134, "fields": {"text": "", "img": 134, "source": null, "created": "2025-03-24T20:07:42.650Z"}}, {"model": "altpoet.alt", "pk": 135, "fields": {"text": "", "img": 135, "source": null, "created": "2025-03-24T20:07:42.658Z"}}, {"model": "altpoet.alt", "pk": 136, "fields": {"text": "", "img": 136, "source": null, "created": "2025-03-24T20:07:42.667Z"}}, {"model": "altpoet.alt", "pk": 137, "fields": {"text": "", "img": 137, "source": null, "created": "2025-03-24T20:07:42.673Z"}}, {"model": "altpoet.alt", "pk": 138, "fields": {"text": "", "img": 138, "source": null, "created": "2025-03-24T20:07:42.683Z"}}, {"model": "altpoet.alt", "pk": 139, "fields": {"text": "", "img": 139, "source": null, "created": "2025-03-24T20:07:42.693Z"}}, {"model": "altpoet.alt", "pk": 140, "fields": {"text": "", "img": 140, "source": null, "created": "2025-03-24T20:07:42.701Z"}}, {"model": "altpoet.alt", "pk": 141, "fields": {"text": "", "img": 141, "source": null, "created": "2025-03-24T20:07:42.706Z"}}, {"model": "altpoet.alt", "pk": 142, "fields": {"text": "", "img": 142, "source": null, "created": "2025-03-24T20:07:42.714Z"}}, {"model": "altpoet.alt", "pk": 143, "fields": {"text": "", "img": 143, "source": null, "created": "2025-03-24T20:07:42.719Z"}}, {"model": "altpoet.alt", "pk": 144, "fields": {"text": "", "img": 144, "source": null, "created": "2025-03-24T20:07:42.725Z"}}, {"model": "altpoet.alt", "pk": 145, "fields": {"text": "", "img": 145, "source": null, "created": "2025-03-24T20:07:42.731Z"}}, {"model": "altpoet.alt", "pk": 146, "fields": {"text": "", "img": 146, "source": null, "created": "2025-03-24T20:07:42.735Z"}}, {"model": "altpoet.alt", "pk": 147, "fields": {"text": "", "img": 147, "source": null, "created": "2025-03-24T20:07:42.741Z"}}, {"model": "altpoet.alt", "pk": 148, "fields": {"text": "", "img": 148, "source": null, "created": "2025-03-24T20:07:42.747Z"}}, {"model": "altpoet.alt", "pk": 149, "fields": {"text": "", "img": 149, "source": null, "created": "2025-03-24T20:07:42.753Z"}}, {"model": "altpoet.alt", "pk": 150, "fields": {"text": "", "img": 150, "source": null, "created": "2025-03-24T20:07:42.758Z"}}, {"model": "altpoet.alt", "pk": 151, "fields": {"text": "", "img": 151, "source": null, "created": "2025-03-24T20:07:42.764Z"}}, {"model": "altpoet.alt", "pk": 152, "fields": {"text": "", "img": 152, "source": null, "created": "2025-03-24T20:07:42.768Z"}}, {"model": "altpoet.alt", "pk": 153, "fields": {"text": "", "img": 153, "source": null, "created": "2025-03-24T20:07:42.774Z"}}, {"model": "altpoet.alt", "pk": 154, "fields": {"text": "", "img": 154, "source": null, "created": "2025-03-24T20:07:42.778Z"}}, {"model": "altpoet.alt", "pk": 155, "fields": {"text": "", "img": 155, "source": null, "created": "2025-03-24T20:07:42.782Z"}}, {"model": "altpoet.alt", "pk": 156, "fields": {"text": "", "img": 156, "source": null, "created": "2025-03-24T20:07:42.787Z"}}, {"model": "altpoet.alt", "pk": 157, "fields": {"text": "", "img": 157, "source": null, "created": "2025-03-24T20:07:42.792Z"}}, {"model": "altpoet.alt", "pk": 158, "fields": {"text": "", "img": 158, "source": null, "created": "2025-03-24T20:07:42.798Z"}}, {"model": "altpoet.alt", "pk": 159, "fields": {"text": "", "img": 159, "source": null, "created": "2025-03-24T20:07:42.806Z"}}, {"model": "altpoet.alt", "pk": 160, "fields": {"text": "", "img": 160, "source": null, "created": "2025-03-24T20:07:42.812Z"}}, {"model": "altpoet.alt", "pk": 161, "fields": {"text": "", "img": 161, "source": null, "created": "2025-03-24T20:07:42.819Z"}}, {"model": "altpoet.alt", "pk": 162, "fields": {"text": "", "img": 162, "source": null, "created": "2025-03-24T20:07:42.826Z"}}, {"model": "altpoet.alt", "pk": 163, "fields": {"text": "", "img": 163, "source": null, "created": "2025-03-24T20:07:42.832Z"}}, {"model": "altpoet.alt", "pk": 164, "fields": {"text": "", "img": 164, "source": null, "created": "2025-03-24T20:07:42.838Z"}}, {"model": "altpoet.alt", "pk": 165, "fields": {"text": "", "img": 165, "source": null, "created": "2025-03-24T20:07:42.843Z"}}, {"model": "altpoet.alt", "pk": 166, "fields": {"text": "", "img": 166, "source": null, "created": "2025-03-24T20:07:42.849Z"}}, {"model": "altpoet.alt", "pk": 167, "fields": {"text": "", "img": 167, "source": null, "created": "2025-03-24T20:07:42.855Z"}}, {"model": "altpoet.alt", "pk": 168, "fields": {"text": "", "img": 168, "source": null, "created": "2025-03-24T20:07:42.859Z"}}, {"model": "altpoet.alt", "pk": 169, "fields": {"text": "", "img": 169, "source": null, "created": "2025-03-24T20:07:42.865Z"}}, {"model": "altpoet.alt", "pk": 170, "fields": {"text": "", "img": 170, "source": null, "created": "2025-03-24T20:07:42.883Z"}}, {"model": "altpoet.alt", "pk": 171, "fields": {"text": "", "img": 171, "source": null, "created": "2025-03-24T20:07:42.887Z"}}, {"model": "altpoet.alt", "pk": 172, "fields": {"text": "", "img": 172, "source": null, "created": "2025-03-24T20:07:42.892Z"}}, {"model": "altpoet.alt", "pk": 173, "fields": {"text": "", "img": 173, "source": null, "created": "2025-03-24T20:07:42.896Z"}}, {"model": "altpoet.alt", "pk": 174, "fields": {"text": "", "img": 174, "source": null, "created": "2025-03-24T20:07:42.901Z"}}, {"model": "altpoet.alt", "pk": 175, "fields": {"text": "", "img": 175, "source": null, "created": "2025-03-24T20:07:42.907Z"}}, {"model": "altpoet.alt", "pk": 176, "fields": {"text": "", "img": 176, "source": null, "created": "2025-03-24T20:07:42.913Z"}}, {"model": "altpoet.alt", "pk": 177, "fields": {"text": "", "img": 177, "source": null, "created": "2025-03-24T20:07:42.918Z"}}, {"model": "altpoet.alt", "pk": 178, "fields": {"text": "", "img": 178, "source": null, "created": "2025-03-24T20:07:42.924Z"}}, {"model": "altpoet.alt", "pk": 179, "fields": {"text": "", "img": 179, "source": null, "created": "2025-03-24T20:07:42.931Z"}}, {"model": "altpoet.alt", "pk": 180, "fields": {"text": "", "img": 180, "source": null, "created": "2025-03-24T20:07:42.939Z"}}, {"model": "altpoet.alt", "pk": 181, "fields": {"text": "", "img": 181, "source": null, "created": "2025-03-24T20:07:42.948Z"}}, {"model": "altpoet.alt", "pk": 182, "fields": {"text": "", "img": 182, "source": null, "created": "2025-03-24T20:07:42.955Z"}}, {"model": "altpoet.alt", "pk": 183, "fields": {"text": "", "img": 183, "source": null, "created": "2025-03-24T20:07:42.960Z"}}, {"model": "altpoet.alt", "pk": 184, "fields": {"text": "", "img": 184, "source": null, "created": "2025-03-24T20:07:42.980Z"}}, {"model": "altpoet.alt", "pk": 185, "fields": {"text": "", "img": 185, "source": null, "created": "2025-03-24T20:07:42.998Z"}}, {"model": "altpoet.alt", "pk": 186, "fields": {"text": "", "img": 186, "source": null, "created": "2025-03-24T20:07:43.003Z"}}, {"model": "altpoet.alt", "pk": 187, "fields": {"text": "", "img": 187, "source": null, "created": "2025-03-24T20:07:43.008Z"}}, {"model": "altpoet.alt", "pk": 188, "fields": {"text": "", "img": 188, "source": null, "created": "2025-03-24T20:07:43.013Z"}}, {"model": "altpoet.alt", "pk": 189, "fields": {"text": "", "img": 189, "source": null, "created": "2025-03-24T20:07:43.019Z"}}, {"model": "altpoet.alt", "pk": 190, "fields": {"text": "", "img": 190, "source": null, "created": "2025-03-24T20:07:43.024Z"}}, {"model": "altpoet.alt", "pk": 191, "fields": {"text": "", "img": 191, "source": null, "created": "2025-03-24T20:07:43.031Z"}}, {"model": "altpoet.alt", "pk": 192, "fields": {"text": "", "img": 192, "source": null, "created": "2025-03-24T20:07:43.038Z"}}, {"model": "altpoet.alt", "pk": 193, "fields": {"text": "", "img": 193, "source": null, "created": "2025-03-24T20:07:43.044Z"}}, {"model": "altpoet.alt", "pk": 194, "fields": {"text": "", "img": 194, "source": null, "created": "2025-03-24T20:07:43.050Z"}}, {"model": "altpoet.alt", "pk": 195, "fields": {"text": "", "img": 195, "source": null, "created": "2025-03-24T20:07:43.056Z"}}, {"model": "altpoet.alt", "pk": 196, "fields": {"text": "", "img": 196, "source": null, "created": "2025-03-24T20:07:43.062Z"}}, {"model": "altpoet.alt", "pk": 197, "fields": {"text": "", "img": 197, "source": null, "created": "2025-03-24T20:07:43.068Z"}}, {"model": "altpoet.alt", "pk": 198, "fields": {"text": "", "img": 198, "source": null, "created": "2025-03-24T20:07:43.074Z"}}, {"model": "altpoet.alt", "pk": 199, "fields": {"text": "", "img": 199, "source": null, "created": "2025-03-24T20:07:43.080Z"}}, {"model": "altpoet.alt", "pk": 200, "fields": {"text": "", "img": 200, "source": null, "created": "2025-03-24T20:07:43.085Z"}}, {"model": "altpoet.alt", "pk": 201, "fields": {"text": "", "img": 201, "source": null, "created": "2025-03-24T20:07:43.091Z"}}, {"model": "altpoet.alt", "pk": 202, "fields": {"text": "", "img": 202, "source": null, "created": "2025-03-24T20:07:43.098Z"}}, {"model": "altpoet.alt", "pk": 203, "fields": {"text": "", "img": 203, "source": null, "created": "2025-03-24T20:07:43.106Z"}}, {"model": "altpoet.alt", "pk": 204, "fields": {"text": "", "img": 204, "source": null, "created": "2025-03-24T20:07:43.114Z"}}, {"model": "altpoet.alt", "pk": 205, "fields": {"text": "", "img": 205, "source": null, "created": "2025-03-24T20:07:43.121Z"}}, {"model": "altpoet.alt", "pk": 206, "fields": {"text": "", "img": 206, "source": null, "created": "2025-03-24T20:07:43.132Z"}}, {"model": "altpoet.alt", "pk": 207, "fields": {"text": "", "img": 207, "source": null, "created": "2025-03-24T20:07:43.137Z"}}, {"model": "altpoet.alt", "pk": 208, "fields": {"text": "", "img": 208, "source": null, "created": "2025-03-24T20:07:43.144Z"}}, {"model": "altpoet.alt", "pk": 209, "fields": {"text": "", "img": 209, "source": null, "created": "2025-03-24T20:07:43.150Z"}}, {"model": "altpoet.alt", "pk": 210, "fields": {"text": "", "img": 210, "source": null, "created": "2025-03-24T20:07:43.156Z"}}, {"model": "altpoet.alt", "pk": 211, "fields": {"text": "", "img": 211, "source": null, "created": "2025-03-24T20:07:43.160Z"}}, {"model": "altpoet.alt", "pk": 212, "fields": {"text": "", "img": 212, "source": null, "created": "2025-03-24T20:07:43.171Z"}}, {"model": "altpoet.alt", "pk": 213, "fields": {"text": "", "img": 213, "source": null, "created": "2025-03-24T20:07:43.178Z"}}, {"model": "altpoet.alt", "pk": 214, "fields": {"text": "", "img": 214, "source": null, "created": "2025-03-24T20:07:43.185Z"}}, {"model": "altpoet.alt", "pk": 215, "fields": {"text": "", "img": 215, "source": null, "created": "2025-03-24T20:07:43.192Z"}}, {"model": "altpoet.alt", "pk": 216, "fields": {"text": "", "img": 216, "source": null, "created": "2025-03-24T20:07:43.197Z"}}, {"model": "altpoet.alt", "pk": 217, "fields": {"text": "", "img": 217, "source": null, "created": "2025-03-24T20:07:43.203Z"}}, {"model": "altpoet.alt", "pk": 218, "fields": {"text": "", "img": 218, "source": null, "created": "2025-03-24T20:07:43.208Z"}}, {"model": "altpoet.alt", "pk": 219, "fields": {"text": "", "img": 219, "source": null, "created": "2025-03-24T20:07:43.215Z"}}, {"model": "altpoet.alt", "pk": 220, "fields": {"text": "Sir Thomas Urquhart.", "img": 220, "source": null, "created": "2025-03-24T20:07:43.220Z"}}, {"model": "altpoet.alt", "pk": 221, "fields": {"text": "", "img": 221, "source": null, "created": "2025-03-24T20:07:43.225Z"}}, {"model": "altpoet.alt", "pk": 222, "fields": {"text": "SIGNATURE OF SIR THOMAS URQUHART,  SLIGHTLY ENLARGED.", "img": 222, "source": null, "created": "2025-03-24T20:07:43.231Z"}}, {"model": "altpoet.alt", "pk": 223, "fields": {"text": "", "img": 223, "source": null, "created": "2025-03-24T20:07:43.235Z"}}, {"model": "altpoet.alt", "pk": 224, "fields": {"text": "", "img": 224, "source": null, "created": "2025-03-24T20:07:43.240Z"}}, {"model": "altpoet.alt", "pk": 225, "fields": {"text": "", "img": 225, "source": null, "created": "2025-03-24T20:07:43.245Z"}}, {"model": "altpoet.alt", "pk": 226, "fields": {"text": "", "img": 226, "source": null, "created": "2025-03-24T20:07:43.249Z"}}, {"model": "altpoet.alt", "pk": 227, "fields": {"text": "The Poet surrounded by the Muses.", "img": 227, "source": null, "created": "2025-03-24T20:07:43.255Z"}}, {"model": "altpoet.alt", "pk": 228, "fields": {"text": "", "img": 228, "source": null, "created": "2025-03-24T20:07:43.260Z"}}, {"model": "altpoet.alt", "pk": 229, "fields": {"text": "Fac-simile of Sir Thomas Urquhart's handwriting considerably reduced.", "img": 229, "source": null, "created": "2025-03-24T20:07:43.265Z"}}, {"model": "altpoet.alt", "pk": 230, "fields": {"text": "", "img": 230, "source": null, "created": "2025-03-24T20:07:43.269Z"}}, {"model": "altpoet.alt", "pk": 231, "fields": {"text": "Sculptured Stone at Kinbeakie House", "img": 231, "source": null, "created": "2025-03-24T20:07:43.274Z"}}, {"model": "altpoet.alt", "pk": 232, "fields": {"text": "", "img": 232, "source": null, "created": "2025-03-24T20:07:43.279Z"}}, {"model": "altpoet.alt", "pk": 233, "fields": {"text": "", "img": 233, "source": null, "created": "2025-03-24T20:07:43.284Z"}}, {"model": "altpoet.alt", "pk": 234, "fields": {"text": "", "img": 234, "source": null, "created": "2025-03-24T20:07:43.292Z"}}, {"model": "altpoet.alt", "pk": 235, "fields": {"text": "", "img": 235, "source": null, "created": "2025-03-24T20:07:43.297Z"}}, {"model": "altpoet.alt", "pk": 236, "fields": {"text": "", "img": 236, "source": null, "created": "2025-03-24T20:07:43.302Z"}}, {"model": "altpoet.alt", "pk": 237, "fields": {"text": "", "img": 237, "source": null, "created": "2025-03-24T20:07:43.308Z"}}, {"model": "altpoet.alt", "pk": 238, "fields": {"text": "", "img": 238, "source": null, "created": "2025-03-24T20:07:43.314Z"}}, {"model": "altpoet.alt", "pk": 239, "fields": {"text": "", "img": 239, "source": null, "created": "2025-03-24T20:07:43.319Z"}}, {"model": "altpoet.alt", "pk": 240, "fields": {"text": "", "img": 240, "source": null, "created": "2025-03-24T20:07:43.324Z"}}, {"model": "altpoet.alt", "pk": 241, "fields": {"text": "", "img": 241, "source": null, "created": "2025-03-24T20:07:43.330Z"}}, {"model": "altpoet.alt", "pk": 242, "fields": {"text": "", "img": 242, "source": null, "created": "2025-03-24T20:07:43.335Z"}}, {"model": "altpoet.alt", "pk": 243, "fields": {"text": "", "img": 243, "source": null, "created": "2025-03-24T20:07:43.341Z"}}, {"model": "altpoet.alt", "pk": 244, "fields": {"text": "", "img": 244, "source": null, "created": "2025-03-24T20:07:43.346Z"}}, {"model": "altpoet.alt", "pk": 245, "fields": {"text": "iguyfootf", "img": 7, "source": 1, "created": "2025-03-24T20:12:00.010Z"}}, {"model": "altpoet.agent", "pk": 1, "fields": {"user": 1, "name": "eric", "created": "2025-03-24T20:11:59.993Z"}}]